origem,segmento,cnpj,razao_social,nome_fantasia,uf,municipio,situacao,data_situacao,data_inicio,capital_social,cnae_principal,email,ddd1,tel1,socios,score,sinal_grupo_spsav,sinal_site,sinal_nome,sinal_noticias,socio_comum,evidencia_site,evidencia_noticias
SPSAV,SPSAV,63083006000190,1MONEY BRASIL SOCIEDADE PRESTADORA DE SERVICOS DE ATIVOS VIRTUAIS LTDA,"",SP,7107,02,20251007,20251007,"270000,00",6499999,CONTROLEREPLEGAL@GMAIL.COM,11,23646892,1MONEY BERMUDA LTD | CESAR MADEIRA PADOVESI,11,,,,,,,
SPSAV,SPSAV,46977494000160,4PAY FINANCE PRESTADORA DE SERVICOS DE ATIVOS VIRTUAIS LTDA,4PAY FINANCE,PE,2531,02,20220630,20220630,"1000000,00",6619399,CONTATO@4P.FINANCE,11,51289991,DANIEL CHIARI BUARQUE | LEONARDO BORGES CACERES MUNHOZ | ACCIPTER HOLDING LTDA.,11,,,,,,,
SPSAV,SPSAV,34385695000199,AKIN S.A. -  SOCIEDADE PRESTADORA DE SERVICOS DE ATIVOS VIRTUAIS,AKIN,SP,7107,02,20190731,20190731,"50000000,00",6619399,AKINTCH@GMAIL.COM,11,93338228,LEANDRO RODRIGUES DIAS | POMPEO TADEU SCOLA | JOHN WESLEY DAYS JR,11,,,,,,,
SPSAV,SPSAV,63531029000110,ALFRED PAY SOCIEDADE PRESTADORA DE SERVICOS DE ATIVOS VIRTUAIS LTDA,"",SP,7107,02,20251105,20251105,"2000000,00",6619399,JULIANA.RODRIGUES@VALORCONTABILIDADE.COM.BR,11,23062621,JULIANA RODRIGUES DA SILVA | ALFRED PAY HOLDING LTDA,11,,,,,,,
SPSAV,SPSAV,62692862000180,AMBAR SOCIEDADE PRESTADORA DE SERVICOS DE ATIVOS VIRTUAIS LTDA,AMBAR CAPITAL,PR,7691,02,20250912,20250912,"1000000,00",7490104,EXPEDIENTE@MICHELANCONTABILIDADE.COM,44,32246353,LM3 PARTICIPACOES LTDA | FELIPE DOS SANTOS FATIQUE | FELIPE ANDRE DE CARVALHO LIMA,11,,,,,,,
SPSAV,SPSAV,63555912000140,AMERICA BITCOIN PROVEDOR DE SERVICOS DE ATIVOS VIRTUAIS LTDA,AMERICA BITCOIN,DF,9701,02,20251106,20251106,"100000,00",6619399,GNARAUJO1@GMAIL.COM,84,99601772,GUILHERME DO NASCIMENTO ARAUJO,11,,,,,,,
SPSAV,SPSAV,64797796000138,AMERICANS BUSINESS SOCIEDADE PRESTADORA DE SERVICOS DE ATIVOS VIRTUAIS LTDA,AMERICANS BUSINESS,SP,7145,02,20260130,20260130,"10000,00",6619399,CONTATO@AMERICANSBUSINESS.COM.BR,51,34061473,AUVRAHY BARAO | LUIZ ALESSANDRO VARGAS NORNBERG,11,,,,,,,
SPSAV,SPSAV,62444884000120,ANDX SOCIEDADE PRESTADORA DE SERVICOS DE ATIVOS VIRTUAIS LTDA,"",PB,2051,02,20250828,20250828,"3000000,00",6619399,FARES@ANDX.COM.BR,11,11111111,MONEYX LLC | FARES ALSARSAR ALKUDMANI,11,,,,,,,
SPSAV,SPSAV,67226778000194,APOIO ADMINISTRATIVO VIRTUAL LTDA,APOIO ADMINISTRATIVO VIRTUAL,PR,7483,03,20260619,20260609,"14000,00",8219999,FFRANCISCORAFAELL204@GMAIL.COM,83,99999999,AIRTON EMANUEL BRITO DOS SANTOS,11,,,,,,,
SPSAV,SPSAV,63221886000113,ARCADIUM ATIVOS VIRTUAIS LTDA,"",SP,7107,02,20251016,20251016,"10000,00",6619399,FISCAL@LEGALBR.COM.BR,11,52867080,KLEBER GOMES DE SOUZA | DANDARA JUSTINIANO TAVARES,11,,,,,,,
SPSAV,SPSAV,61843560000100,ARKHAM MERCADOS BRASIL SOCIEDADE PRESTADORA DE SERVICOS ATIVOS VIRTUAIS LTDA,"",SP,7107,08,20250925,20250721,"1000,00",6619399,CONTATO@GLOBALCS.COM.BR,11,43687800,CAIO VASCONCELOS ARAUJO | ARKHAM HOLDINGS BRASIL LTDA,11,,,,,,,
SPSAV,SPSAV,60483028000159,ASA DIGITAL ASSETS SOCIEDADE PRESTADORA DE SERVICOS DE ATIVOS VIRTUAIS LTDA,"",SP,7107,02,20250422,20250422,"5000000,00",6619399,FINANCAS@ASA.COM.BR,11,39005236,EDUARDO ROSSIT PADILHA | ALBERTO JOSEPH SAFRA | EDUARDO SOSA FILHO | MAGGY CANDI SAFRA,11,,,,,,,
SPSAV,SPSAV,50153417000162,ATIVO VIRTUAL LTDA,ATIVO VIRTUAL,ES,5705,02,20230330,20230330,"5000,00",6201501,CONTATO@ATIVOVIRTUAL.COM.BR,54,33741186,ALEXANDRE ANTONIO LANA ROSSETO,11,,,,,,,
SPSAV,SPSAV,60723612000134,AUREX PRESTADORA DE SERVICOS DE ATIVOS VIRTUAIS LTDA,AUREX CAPITAL,SP,7107,02,20250507,20250507,"100000,00",6619399,CONTATO@AUREX.CAPITAL,12,92811104,GUSTAVO FERNANDES BONANI | SALIS GROUP PARTICIPACOES LTDA | HENRIQUE FRANCIOSI SAAVEDRA,11,,,,,,,
SPSAV,SPSAV,55644044000146,AURIX SOCIEDADE PRESTADORA DE SERVICOS DE ATIVOS VIRTUAIS LTDA,AURIX DIGITAL ASSETS - SPSAV,SP,6213,02,20240624,20240624,"100000,00",8211300,STARKCORP.MAIN@GMAIL.COM,61,99082660,ALEXANDER BRAGA,11,,,,,,,
SPSAV,SPSAV,58757692000105,AURUM NEXUS PRESTADORA DE SERVICOS DE ATIVOS VIRTUAIS LTDA,"",SP,7107,02,20250110,20250110,"30000,00",6203100,MARIALUIZA.SANTOS@ILMGROUP.COM.BR,11,31429789,MARIA LUIZA ALVES VIEIRA SANTOS | RBR INTERNATIONAL INVESTMENT L.L.C,11,,,,,,,
SPSAV,SPSAV,50224164000170,AVENIA SOCIEDADE PRESTADORA DE SERVICOS DE ATIVOS VIRTUAIS LTDA,"",SP,7107,02,20230405,20230405,"16800000,00",6619399,HFARDIN@BRLA.DIGITAL,11,37770742,MATHEUS HENRIQUE ALVES MOURA | LUIZ CASTELO BRANCO CAVALCANTE | HECTOR SELVATICE FARDIN | LEANDRO DE OLIVEIRA NOEL RIBEIRO | LUCAS GIORGIO ROSTWOROWSKI | AVENIA PARTICIPACOES LTDA | ERIC BASTOS COSTA MACHADO | CAIO CORREA LIMA EL YANES,11,,,,,,,
SPSAV,SPSAV,55063975000150,AVOI SOCIEDADE PRESTADORA DE  SERVICOS DE ATIVOS VIRTUAIS LTDA,AVOI,RJ,6001,02,20240509,20240509,"15000000,00",6499999,CONTATO@AVOI.COM.BR,48,88785792,HECTOR MAURICIO GARCIA | SALOMON SALDARRIAGA OSORIO | ENZO MENDES MONTOYA LAZO,11,,,,,,,
SPSAV,SPSAV,61863834000115,AXIOMA SOCIEDADE PRESTADORA DE SERVICOS DE ATIVOS VIRTUAIS LIMITADA,"",PB,1981,02,20250722,20250722,"50000,00",7490104,OSVALDOARRAIS@GMAIL.COM,83,93162250,OSVALDO TIAGO ARRAIS,11,,,,,,,
SPSAV,SPSAV,41778759000187,BA GLOBAL DIGITAL SOLUTIONS - SOCIEDADE PRESTADORA DE SERVICOS DE ATIVOS VIRTUAIS LTDA,BA GLOBAL DIGITAL SOLUTIONS,SC,8179,02,20210430,20210430,"100000,00",6619399,CONTATO@BAGLOBAL.COM.BR,61,96958400,RHUAN PARENTE MACEDO BUCAR NUNES | MAJD EL CHARITI AISSAMI,11,,,,,,,
SPSAV,SPSAV,64206564000168,BASELAYER ATIVOS VIRTUAIS LTDA,BASELAYER,SP,7107,02,20251230,20251230,"10000,00",6619399,COMPLIANCE@BASE-L.TECH,11,99999999,PAYTRIUM DIGITAL HOLDING LIMITED | DIEGO MESSIAS DE SOUZA,11,,,,,,,
SPSAV,SPSAV,68627500000191,BBRASIL SOCIEDADE PRESTADORA DE SERVICOS DE ATIVOS VIRTUAIS LTDA,"",SP,7107,02,20260811,20260811,"1000,00",6619399,LEGALBRAZIL@BINANCE.COM,11,32182622,NELSON RICARDO SOARES DO AMARAL LEITE | WELLINGTON PARTICIPACOES LTDA,11,,,,,,,
SPSAV,SPSAV,60441260000124,BC ACCESS BRASIL SOCIEDADE PRESTADORA DE SERVICOS DE ATIVOS VIRTUAIS LTDA,"",SP,7107,02,20250416,20250416,"200,00",6619399,CONTROLEREPLEGAL@GMAIL.COM,11,23646892,"BLOCKCHAIN.COM GROUP HOLDINGS, INC. | CESAR MADEIRA PADOVESI | FABRIZIO SPADA",11,,,,,,,
SPSAV,SPSAV,63649282000172,BITCAIXA SOCIEDADE PRESTADORA DE SERVICOS DE ATIVOS VIRTUAIS LTDA,"",SP,7107,02,20251113,20251113,"3000,00",6619399,VICTOR@COOPERA.FINANCE,11,99999999,VICTOR ROBERT CUNHA | AARON WILLIAM STANLEY | CLAUDIO STAUB,11,,,,,,,
SPSAV,SPSAV,62415233000102,BITHOPE SOCIEDADE PRESTADORA DE SERVICOS DE ATIVOS VIRTUAIS LTDA.,"",PR,7635,02,20250826,20250826,"1500000,00",6619399,CONTABILIDADE@BITHOPE.COM.BR,43,96371008,RAFAEL SABINO DE OLIVEIRA,11,,,,,,,
SPSAV,SPSAV,51802405000184,BITSO SOCIEDADE PRESTADORA DE SERVICOS DE ATIVOS VIRTUAIS LTDA,"",SP,7107,02,20230814,20230814,"100000,00",6619399,CONTATO@BHUB.AI,11,99999999,BADGER BRASIL TECHNOLOGY HOLDING LTDA | NICOLAS ALONSO ESCOBAR,11,,,,,,,
SPSAV,SPSAV,57599376000181,BLIND PAY SOCIEDADE PRESTADORA DE SERVICOS DE ATIVOS VIRTUAIS LTDA,"",ES,5705,02,20241008,20241008,"18400000,00",6619399,PAULO@BLINDPAY.COM,27,95222064,BLIND PAY HOLDING LTDA | BERNARDO SIMONASSI MOURA | JOAO CARLOS SALES BORGES JUNIOR | GUSTAVO MARINHO CERQUEIRA SOUSA,11,,,,,,,
SPSAV,SPSAV,32113577000104,BLOCKRIVER SOCIEDADE  PRESTADORA DE SERVICOS DE ATIVOS VIRTUAIS S/A,"",RJ,6001,02,20181127,20181127,"17400000,00",6499999,SEUCNPJ@NUCONASSESSORIA.COM.BR,21,30902068,ISABELA DE ABREU LISBOA DE ALMEIDA | LUCIANO TRUZZI | PAULO DE MATOS JUNIOR | FERNANDO CELSO ZANATTA EDUARTE DE SOUZA,11,,,,,,,
SPSAV,SPSAV,54473288000140,BLOXTRADE CAPITAL SOCIEDADE PRESTADORA DE SERVICOS DE ATIVOS VIRTUAIS LTDA,"",SP,7071,02,20240326,20240326,"1100000,00",6619399,LEGALIZACAO@MARKACONTABIL.COM.BR,13,32211155,ALESSANDRO GIOVANNI BIANCHI | DIEGO ANDRE MARTINS | KAIO SINIGOI GOMES,11,,,,,,,
SPSAV,SPSAV,11873099000152,BP SERVICOS ADMINISTRATIVOS VIRTUAIS LTDA,E@SY,PE,2531,02,20100415,20100415,"4000,00",8219999,"",81,32224350,TIZIANA JORDA SEVERI DE FREITAS | PIETRO SEVERI DE FREITAS | ISABELA SEVERI DE FREITAS,11,,,,,,,
SPSAV,SPSAV,62920001000101,BRD DIGITAL PRESTADORA DE SERVICOS DE ATIVOS VIRTUAIS S.A.,BRD CAPITAL,RJ,6001,02,20250926,20250926,"2318550,00",7490104,CONSULTORIA@GOLDCONSULTORIA.COM.BR,21,35493427,DANIEL SIVIERI ARRUDA | GUSTAVO TEDESCHI DE FARIA | LUCA MACHADO BOTTINO,11,,,,,,,
SPSAV,SPSAV,62450774000171,BREY ATIVOS VIRTUAIS LTDA,"",PR,7535,02,20250828,20250828,"1000,00",7490104,LESSAJUNIOR@LESSAJUNIOR.COM.BR,41,96427287,EDUARDO LOMBARDI MACEIRA | FELIPE ROBERTO WERKA | HENRIQUE RODRIGUES FORYTA,11,,,,,,,
SPSAV,SPSAV,32713557000166,BRFENIX GESTAO DE ATIVOS VIRTUAIS LTDA,"",AC,0139,02,20190208,20190208,"50000,00",7490104,PROCESSO@METAREAL-ES.COM.BR,27,30801969,PLAUTO NOGUEIRA DE MELO | VALDERLENE DE OLIVEIRA ROSAS,11,,,,,,,
SPSAV,SPSAV,48452053000170,BROKER BTC PRESTADORA DE SERVICOS DE ATIVOS VIRTUAIS LTDA,BROKER BTC,RN,1759,02,20221028,20221028,"50000,00",6619399,ATENDIMENTO@MACTOCONTABILIDADE.COM.BR,84,91731653,HIAGO VASCONCELOS LOBO,11,,,,,,,
SPSAV,SPSAV,12541463000140,BTCBOX SOCIEDADE PRESTADORA DE SERVICOS DE ATIVOS VIRTUAIS LTDA,ARCA ECO,SP,2951,02,20100908,20100908,"1000000,00",6619399,SA_SERVCONT@YAHOO.COM.BR,19,74074995,FREDERICO SILVEIRA DA MOTA | MARCIO RODRIGO ROSA,11,,,,,,,
SPSAV,SPSAV,63732836000109,BTGT BRASIL SOCIEDADE  PRESTADORA DE SERVICOS DE  ATIVOS VIRTUAIS LTDA,"",SP,7107,02,20251119,20251119,"270000,00",6201501,CONTATO@GLOBALCS.COM.BR,11,43687800,CAIO VASCONCELOS ARAUJO | BTGT HOLDINGS LIMITED,11,,,,,,,
SPSAV,SPSAV,66739170000109,BYBIT BRASIL SOCIEDADE PRESTADORA DE SERVICOS DE ATIVOS VIRTUAIS LTDA,"",SP,7107,02,20260507,20260507,"100000,00",6619399,BYBIT@IL-MANAGEMENT.COM.BR,11,31429789,CLAUDIA FANTINI | BYBIT PARTICIPACOES LTDA,11,,,,,,,
SPSAV,SPSAV,35491577000128,BYBIT SOCIEDADE PRESTADORA DE SERVICOS DE ATIVOS VIRTUAIS LTDA,"",SP,7107,02,20191112,20191112,"968223,00",6619399,BYBIT@IL-MANAGEMENT.COM.BR,11,31429789,BYBIT TECHNOLOGY LIMITED | CLAUDIA FANTINI,11,,,,,,,
SPSAV,SPSAV,51039021000151,CADEMARTORI Z SOCIEDADE  PRESTADORA DE SERVICOS DE ATIVOS VIRTUAIS LTDA,CADEMARTORI Z SOLUCOES,RJ,6001,02,20230614,20230614,"15000000,00",6619399,CADEMARTORIZS1@GMAIL.COM,55,99936611,CARLOS EDUARDO CADEMARTORI SEVERO ZAMUDIO | EDUARDO GIOVANI GARCIA | MATHEUS DA SILVA D AVILA | BRUNO RODRIGUES DIAS,11,,,,,,,
SPSAV,SPSAV,63526006000117,CAPITAL BITCOIN PROVEDOR DE SERVICOS DE ATIVOS VIRTUAIS LTDA,CAPITAL BITCOIN,DF,9701,02,20251105,20251105,"100000,00",6619399,DANYELLAPEREIRAA@GMAIL.COM,84,98544267,DANYELLA PEREIRA COSTA DE ARAUJO,11,,,,,,,
SPSAV,SPSAV,41429692000175,CARBONO ZERO SOCIEDADE PRESTADORA DE SERVICOS DE ATIVOS VIRTUAIS LTDA,"",SP,7107,02,20210401,20210401,"25000,00",7020400,SERVICOSCOOPERA@GMAIL.COM,11,35001373,VICTOR ROBERT CUNHA,11,,,,,,,
SPSAV,SPSAV,63212923000127,CBS PRESTADORA DE SERVICOS DE ATIVOS VIRTUAIS LTDA,CBS PRESTADORA DE SERVICOS DE ATIVOS VIRTUAIS,SP,7107,02,20251015,20251015,"200000,00",7490104,CARLOS.EDUARDONEGOCIOS17@GMAIL.COM,11,85409409,CARLOS EDUARDO BRAZILINO DOS SANTOS,11,,,,,,,
SPSAV,SPSAV,68837035000113,CIRCLE DO BRASIL SOCIEDADE PRESTADORA DE SERVICOS DE ATIVOS VIRTUAIS LTDA,"",SP,7107,02,20260826,20260826,"1000,00",6619399,CONTROLEREPLEGAL@GMAIL.COM,11,23646892,CESAR MADEIRA PADOVESI | VITOR FERNANDO LIMA CORREA | CIRCLE DO BRASIL HOLDINGS LTDA,11,,,,,,,
SPSAV,SPSAV,22268814000144,COINBASE BRASIL SOCIEDADE PRESTADORA DE SERVICOS DE ATIVOS VIRTUAIS LTDA,"",SP,7107,02,20150416,20150416,"23175165,00",6619399,LEGAL.COINBASE@MOURAOCAMPOS.COM.BR,11,31711616,"COINBASE GLOBAL, INC. | FABIO TONETTO PLEIN | RENAN CRUVINEL DE OLIVEIRA | RICARDO DE BARROS SCHNEPFLEITNER PETERSEN | LOURENCO BORGES BERTHIER BRASIL | ALINE DE FATIMA PEREIRA",11,,,,,,,
SPSAV,SPSAV,29242868000180,COINEXT SOCIEDADE PRESTADORA DE SERVICOS DE ATIVOS VIRTUAIS S.A,COINEXT,MG,4123,02,20171211,20171211,"3834396,00",6619399,JURIDICO@COINEXT.COM.BR,11,42809651,JOSE ARTUR OLIVEIRA RIBEIRO | ALEXANDRE GANDRA LAGES,11,,,,,,,
SPSAV,SPSAV,25201916000130,COMERCIO DE BRINQUEDOS E ARTIGOS RECREATIVOS VIRTUAIS ARES GAMES EIRELI,ARES GAMES,DF,9701,08,20200423,20160713,"104500,00",4763601,eversavioneves@hotmail.com,61,34793594,EVER SAVIO NEVES,11,,,,,,,
SPSAV,SPSAV,09523978000102,CONVERGE SERVICOS CORPORATIVOS VIRTUAIS LTDA,CONVERGE COWORKING,CE,1389,02,20020817,19901214,"30000,00",8211300,COWORKING@TORRENS.COM.BR,85,99821611,RAFAEL LEITE TORRENS | ADRIANO BEZERRA BARROSO,11,,,,,,,
SPSAV,SPSAV,52006135000168,CROSS SOCIEDADE PRESTADORA DE SERVICOS DE ATIVOS VIRTUAIS LTDA,CROSS INTERMEDIACAO,DF,9701,02,20230830,20230830,"12400000,00",6619399,SEUCNPJ@GMAIL.COM,41,96248860,KIRSCHNER PINHEIRO KLAVA | KRISTOPHER PINHEIRO KLAVA | MATHEUS LUIZ PUPPE MAGALHAES | KEVYN PINHEIRO KLAVA | LUDMILA MOTTI FILIZOLA,11,,,,,,,
SPSAV,SPSAV,59386340000145,CROWN SOCIEDADE PRESTADORA DE SERVICOS DE ATIVOS VIRTUAIS LTDA,"",SP,7107,02,20250210,20250210,"50634350,00",6619399,JRDELANEY@GMAIL.COM,11,63269940,JOHN RICHARD DELANEY | VINICIUS CORREA | BRUNO LEONARDO KMITA DE OLIVEIRA PASSOS | CROWN HOLDING FINANCEIRA LTDA,11,,,,,,,
SPSAV,SPSAV,60425036000149,CVS ATIVOS VIRTUAIS LTDA,CVS ATIVOS VIRTUAIS,SP,7107,02,20250415,20250415,"10000,00",7490104,CLEOF.MASTER@CVSATIVOSVIRTUAIS.COM.BR,11,99935701,CLEONICE VIEIRA DE SOUZA,11,,,,,,,
SPSAV,SPSAV,61469681000126,D.A. SOCIEDADE PRESTADORA DE SERVICOS DE ATIVOS VIRTUAIS LTDA,"",SP,7107,02,20250626,20250626,"1000000,00",6499999,CONTROLEREPLEGAL@GMAIL.COM,11,23646892,CESAR MADEIRA PADOVESI | ATLAS BRASIL HOLDING FINANCEIRA LTDA,11,,,,,,,
SPSAV,SPSAV,33967103000184,DEMERGE BRASIL PRESTADORA DE SERVICOS DE ATIVOS VIRTUAIS E PAGAMENTOS LTDA,"",SP,7107,02,20190618,20190618,"150000,00",7490104,SAC@DLOCAL.COM,11,55550910,DLOCAL PTE. LTD. | DLOCAL MARKETS LIMITED | MARCELO URI LOPEZ KATZKOWICH | DENISE YAEL ROIZNER APFELBAUM,11,,,,,,,
SPSAV,SPSAV,62058634000152,EL DORADO BRASIL SOCIEDADE PRESTADORA DE SERVICOS DE ATIVOS VIRTUAIS LTDA,"",SP,7107,08,20260327,20250804,"3000000,00",6619399,CONTATO@GLOBALCS.COM.BR,11,43687800,"CAIO VASCONCELOS ARAUJO | EL DORADO LABS,LLC",11,,,,,,,
SPSAV,SPSAV,28499395000138,ETTICA PRESTADORA DE SERVICOS DE ATIVOS VIRTUAIS LTDA,ETTICA,PR,7535,02,20170802,20170802,"13000000,00",7490104,LUIZGUILHERME@FASTCOM.COM.BR,41,91462073,LUIZ GUILHERME KRAUSE DE SALLES | PAULO ROBERTO DO NASCIMENTO DE MACEDO JUNIOR | ANGELO RODRIGO DE SOUZA | ANDREA APARECIDA RIBEIRO,11,,,,,,,
SPSAV,SPSAV,58887276000113,EVO GATEWAY SOCIEDADE PRESTADORA DE ATIVOS VIRTUAIS LTDA,"",SP,6213,02,20250115,20250115,"1000000,00",7490104,SETUP@KORPAY.COM.BR,11,20550999,ALEXANDRE DOS SANTOS MARQUES | KORPAY SA,11,,,,,,,
SPSAV,SPSAV,33744682000104,F.M. GESTAO DE ATIVOS VIRTUAIS LTDA,JHONNY X MANAGEMENT,PR,7535,02,20190528,20190528,"100000,00",7490104,ANDREANNONI@HOTMAIL.COM,41,96345714,ANDRE ANNONI MARTINS,11,,,,,,,
SPSAV,SPSAV,63190445000100,FIDUCIAE PRESTADORA DE SERVICOS DE ATIVOS VIRTUAIS LTDA,"",PR,7535,08,20251105,20251014,"20000,00",7490104,RODRIGO.TOZIN@HOTMAIL.COM,41,91851800,RODRIGO CAVALCANTI DE ALBUQUERQUE TOZIN,11,,,,,,,
SPSAV,SPSAV,60773680000108,FINBLOOM BRASIL PRESTADORA DE SERVICOS DE ATIVOS VIRTUAIS LTDA,"",SP,7107,02,20250512,20250512,"3000000,00",6462000,CVASCONCELOS@GLOBALCS.COM.BR,11,43687800,CAIO VASCONCELOS ARAUJO | GUAVAPAY LIMITED,11,,,,,,,
SPSAV,SPSAV,62873133000120,FIREBIT DIGITAL ASSETS - SOCIEDADE PRESTADORA DE SERVICOS DE ATIVOS VIRTUAIS LTDA,"",MG,4895,02,20250924,20250924,"500000,00",7490104,FISCAL@CSCGRUPO.COM,31,33016118,NICKOLAS TADEU RIBEIRO DE CAMPOS | CACTUS FINANCIAL SERVICES LTDA,11,,,,,,,
SPSAV,SPSAV,24536770000111,FLGE SOCIEDADE PRESTADORA DE SERVICOS DE ATIVOS VIRTUAIS LTDA,"",SP,7107,02,20250124,20160405,"35000000,00",7490104,RMB@MNADV.COM.BR,11,55021200,MAURICIO CAVIGLIA | FELIPE MANCUSI CAVIGLIA | EDUARDO MANCUSI CAVIGLIA,11,,,,,,,
SPSAV,SPSAV,66760664000167,FLOWBRIDGE DIGITAL SERVICOS DE ATIVOS VIRTUAIS LTDA,FLOWBRIDGE DIGITAL,RJ,6001,02,20260511,20260511,"100000,00",6619399,DANIEL@RWTCI.COM,21,37607086,DANIEL MENEZES PEREIRA,11,,,,,,,
SPSAV,SPSAV,18997925000203,FOXBIT OTC SOCIEDADE PRESTADORA DE SERVICOS DE ATIVOS VIRTUAIS LTDA,FOXBIT INVEST,SP,6311,02,20230614,20230614,"2000,00",7490104,JURIDICO@FOXBIT.COM.BR,11,31978557,FOXBIT SOCIEDADE PRESTADORA DE SERVICOS DE ATIVOS VIRTUAIS LTDA | JOAO VINICIUS BERTI CANHADA | FOXBIT LLC | FELIPE TROVAO DE SA | RICARDO DANTAS TAKAYAGUI | ARTUR FERRAZ MARTINS,11,,,,,,,
SPSAV,SPSAV,21246584000150,FOXBIT SOCIEDADE PRESTADORA DE SERVICOS DE ATIVOS VIRTUAIS LTDA,"",SP,7107,02,20141016,20141016,"37905826,00",7490104,JURIDICO@FOXBIT.COM.BR,11,31978557,JOAO VINICIUS BERTI CANHADA | RICARDO DANTAS TAKAYAGUI | FOXBIT LLC | ARTUR FERRAZ MARTINS,11,,,,,,,
SPSAV,SPSAV,15651522000120,FRUTTO MARKETING CORPORATIVO VIRTUAL LTDA,FRUTTO MARKETING CORPORATIVO,SC,8335,04,20180828,20120529,"10000,00",8299799,contbecker@terra.com.br,48,36570090,FERNANDO MARTINS | FLAVIO ZANELATTO,11,,,,,,,
SPSAV,SPSAV,62850442000184,GABRIELLO SOCIEDADE PRESTADORA DE SERVICOS DE ATIVOS VIRTUAIS LTDA,GABRIELLO INTERMEDIACAO,SP,6213,08,20260207,20250923,"10000,00",6619399,GABRIELLA@GALTCONTABIL.COM.BR,11,52833800,GUILHERME AUGUSTO CAVALLARO ZAMUR | MAGA INVESTIMENTOS E PARTICIPACOES LTDA,11,,,,,,,
SPSAV,SPSAV,46532664000100,GATE SOCIEDADE PRESTADORA DE SERVICOS DE ATIVOS VIRTUAIS LTDA.,"",SP,7107,02,20220525,20220525,"500000,00",6499999,CONTROLEREPLEGAL@GMAIL.COM,11,23646892,LIN HAN | CAIO VASCONCELOS ARAUJO | GATE  INFORMATION HOLDING LTDA,11,,,,,,,
SPSAV,SPSAV,52137227000187,GE & GI - APOIO ADMINISTRATIVO VIRTUAL LTDA,"",RJ,6001,08,20240925,20230911,"5000,00",8219999,JAFFE@JAFFE.COM.BR,21,21868607,GEORGE JAFFE | GILBERTO JAFFE,11,,,,,,,
SPSAV,SPSAV,30359852000130,GOMONEY PRESTADORA DE SERVICOS DE ATIVOS VIRTUAIS LTDA,GOMONEY,SP,7107,02,20180503,20180503,"500000,00",6619399,CONTACT@GOMONEY.ME,11,44501422,MAURICIO LOPES PIRES | EDUARDO DA SILVA AUGUST | SUSANA LOPES PIRES,11,,,,,,,
SPSAV,SPSAV,68234708000140,ICICLE CROSS BR SOCIEDADE PRESTADORA DE SERVICOS DE ATIVOS VIRTUAIS LTDA,"",SP,7107,02,20260723,20260723,"10000,00",6619399,CONTROLERMPLEGAL@HOTMAIL.COM,11,23646892,CESAR MADEIRA PADOVESI | BIRD 5 HOLDING LIMITED | VITOR FERNANDO LIMA CORREA,11,,,,,,,
SPSAV,SPSAV,59799474000198,IKKB BRASIL SOCIEDADE PRESTADORA DE SERVICOS DE  ATIVOS VIRTUAIS LTDA.,NEXOS GLOBAL,SP,7107,02,20250308,20250308,"1000,00",6499999,MEUCNPJ@CONTABILIZEI.COM.BR,41,97880145,EDWARD KONIG | RAFAEL NISSIM KATALAN | IKKB DELAWARE LLC | HENRIQUE AGOSTINHO SCHILDER LIMA,11,,,,,,,
SPSAV,SPSAV,55068588000107,INFINITE ATIVOS VIRTUAIS LTDA,INFINITE ATIVOS VIRTUAIS,SP,7107,02,20240509,20240509,"10000,00",6619399,SUPORTE@INFINITEATIVOSVIRTUAIS.COM.BR,11,69525177,ELOI DECOL,11,,,,,,,
SPSAV,SPSAV,60442459000177,INTER DIGITAL ASSETS - SOCIEDADE PRESTADORA DE SERVICOS DE ATIVOS VIRTUAIS LTDA,"",MG,4123,02,20250416,20250416,"6000000,00",7490104,"",31,30034070,"MARCELO DANTAS DE CARVALHO | INTER & CO, INC. | TIAGO DE ALMEIDA MACHADO | MARLOS FRANCISCO DE SOUZA ARAUJO | MARCO TULIO GUIMARAES",11,,,,,,,
SPSAV,SPSAV,64820101000191,ISTI3 SOCIEDADE PRESTADORA DE ATIVOS VIRTUAIS LTDA,ISTI3 SOCIEDADE PRESTADORA DE ATIVOS VIRTUAIS,ES,5705,02,20260130,20260130,"11000000,00",6619399,EXCHANGE@VASPISTI3.COM,11,92006000,ANGELA CRISTINA RIBEIRO DE OLIVEIRA | GUILHERME AUGUSTO MOTA ALVES,11,,,,,,,
SPSAV,SPSAV,65524917000130,ISTI3 SOCIEDADE PRESTADORA DE ATIVOS VIRTUAIS LTDA,ISTI3 SOCIEDADE PRESTADORA DE ATIVOS VIRTUAIS,SP,6213,02,20260202,20260202,"11000000,00",6619399,EXCHANGE@VASPISTI3.COM,61,96786275,ANGELA CRISTINA RIBEIRO DE OLIVEIRA | GUILHERME AUGUSTO MOTA ALVES,11,,,,,,,
SPSAV,SPSAV,62718268000110,ITAU SOCIEDADE PRESTADORA DE SERVICOS DE ATIVOS VIRTUAIS LTDA,"",SP,7107,02,20250915,20250915,"1000,00",6619399,ITAUJUDICIAL@ITAU-UNIBANCO.COM.BR,11,30034828,RENATO DA SILVA CARVALHO | ITAU UNIBANCO S.A. | ITAU CONSULTORIA DE VALORES MOBILIARIOS E PARTICIPACOES S.A. | RICARDO NUNO DELGADO GONCALVES | ERIC ANDRE ALTAFIM | DANIEL SONDER,11,,,,,,,
SPSAV,SPSAV,64809125000140,JYAL SOCIEDADE PRESTADORA DE ATIVOS VIRTUAIS LTDA,JYAL SOCIEDADE PRESTADORA DE ATIVOS VIRTUAIS LTDA.,SP,6213,02,20260130,20260130,"11000000,00",6619399,VASP@JULLYANA-JYAL.COM,11,20886426,JULLYANA CRISTINA DE OLIVEIRA SIFUENTES | ALRIMAR SIFUENTES DA SILVA,11,,,,,,,
SPSAV,SPSAV,68675443000116,KAST SOCIEDADE PRESTADORA DE SERVICOS DE ATIVOS VIRTUAIS LTDA,"",SP,7107,02,20260817,20260817,"100000,00",6619399,LEGAL@KASTCARD.COM,11,31923900,ISRAEL BUZAYM DE MOURA | KAST BRASIL PARTICIPACOES LTDA,11,,,,,,,
SPSAV,SPSAV,63083023000127,KEYROCK BRASIL SOCIEDADE PRESTADORA DE SERVICOS DE ATIVOS VIRTUAIS LTDA,"",SP,7107,02,20251007,20251007,"13000000,00",6499999,CONTROLEREPLEGAL@GMAIL.COM,11,23646892,CESAR MADEIRA PADOVESI | VITOR FERNANDO LIMA CORREA | KEYROCK S.A,11,,,,,,,
SPSAV,SPSAV,61147857000123,KUCOIN BRASIL SOCIEDADE PRESTADORA DE SERVICOS DE ATIVOS VIRTUAIS LTDA,KUCOIN BRASIL,SP,7107,02,20250604,20250604,"17550000,00",6499999,CONTROLEREPLEGAL@GMAIL.COM,11,23646892,COPER FRONTIER TECH HOLDING LIMITED | CESAR MADEIRA PADOVESI | VITOR FERNANDO LIMA CORREA,11,,,,,,,
SPSAV,SPSAV,62193348000108,LH SOCIEDADE PRESTADORA DE SERVICOS  DE ATIVOS VIRTUAIS LTDA,LH SERVICOS DIGITAIS,RJ,6001,02,20250812,20250812,"15000000,00",6619399,SEUCNPJ@GMAIL.COM,21,99988855,CICERO JAIME DA SILVA | LEONARDO PIMENTEL DA PAZ PEREIRA | MARCOS AURELIO DE MESQUITA | XINHAO WU,11,,,,,,,
SPSAV,SPSAV,63539643000128,LIQUID GOLD PRESTADORA DE SERVICOS DE ATIVOS VIRTUAIS LTDA,LIQUID GOLD PRESTADORA DE SERVICOS DE ATIVOS VIRTUAIS,PR,7535,02,20251105,20251105,"20000,00",7490104,ADMINISTRACAO@LIQUIDGOLD.COM.BR,41,91829451,JULIANA DE ANDRADE FRONCHETTI,11,,,,,,,
SPSAV,SPSAV,42887120000100,LUMX SOCIEDADE PRESTADORA DE SERVICOS DE ATIVOS VIRTUAIS LTDA,LUMX,RJ,6001,02,20260629,20210727,"25121600,00",6203100,CONTASAPAGAR@LUMX.IO,21,98018236,CAIO BARBOSA ZACARIAS | GABRIEL POLVERELLI NOGUEIRA | MICHEL RUTHENBERG GOLDBERG | LUMX US LLC,11,,,,,,,
SPSAV,SPSAV,64094715000133,M OLIVEIRA SERVICOS E ATIVOS VIRTUAIS LTDA,M OLIVEIRA SERVICOS E ATIVOS VIRTUAIS,SP,7107,02,20251217,20251217,"200000,00",7490104,MICHAELOLIVEIRA2026@ICLOUD.COM,11,42753637,MICHAEL SILVA DE OLIVEIRA,11,,,,,,,
SPSAV,SPSAV,32988500000170,M5 ADMINISTRACAO DE ATIVOS VIRTUAIS LTDA,"",ES,5605,08,20200723,20190311,"100000,00",7490104,M5ATIVOSVIRTUAIS@GMAIL.COM,27,99254242,FERNANDO LUIZ TELLES RICHARD JUNIOR | JOEL MOREIRA DUARTE JUNIOR,11,,,,,,,
SPSAV,SPSAV,64130790000102,MADISON INTERMEDIACAO E CUSTODIA DE ATIVOS VIRTUAIS LTDA,"",SP,7107,02,20251218,20251218,"100000,00",6619399,DAVIDMOURAO@GMAIL.COM,21,99894079,DAVID MOREIRA MOURAO,11,,,,,,,
SPSAV,SPSAV,35335402000121,MAMORU SOCIEDADE PRESTADORA DE SERVICOS DE ATIVOS VIRTUAIS LTDA,"",SP,7107,02,20210315,20191029,"10000000,00",7490104,GABRIELA.DORFANI@APCAPITALINVESTMENT.COM,11,71047474,CHEUK MAN CHIU | MAMORU LIMITED | KELWIN DOS SANTOS YU | GABRIELA D ORFANI | CASSIO DE MELO GOMES | ROBERTA ANDRADE DE MATOS,11,,,,,,,
SPSAV,SPSAV,61575252000133,MASTERPAY SOCIEDADE  PRESTADORA DE SERVICOS DE ATIVOS VIRTUAIS LTDA,MASTERPAY SOLUCOES DIGITAIS,PR,7535,02,20250703,20250703,"18000000,00",6619399,SEUCNPJ@GMAIL.COM,21,99595829,LIN LIANG YONG | WEIJIE YANG | QINGMANG HU,11,,,,,,,
SPSAV,SPSAV,49786191000158,MAZZERA SOCIEDADE PRESTADORA DE SERVICOS DE ATIVOS VIRTUAIS SA,"",PR,7493,02,20230302,20230302,"18000000,00",6619399,SEUCNPJ@GMAIL.COM,41,96248860,GABRIEL EL SIBAI | MOHAMED MUSTAPHA HIJAZI | NADIA MOHAMAD ATIE | ALEXANDRE YASSER AWADALLAK,11,,,,,,,
SPSAV,SPSAV,25041824000130,MDAC INFORMATIVO VIRTUAL EIRELI,EM FOCO WEB,SE,3105,08,20170518,20160621,"88000,00",5822101,CONTATO@ALIANCACONTABILIDADE.CNT.BR,79,30412349,MUNIR ALLE DARRAGE,11,,,,,,,
SPSAV,SPSAV,62800565000100,MINTEO BRASIL SOCIEDADE PRESTADORA DE SERVICOS DE ATIVOS VIRTUAIS LTDA,"",SP,7107,02,20250919,20250919,"11000,00",6619399,CESAR@MPLEGAL.COM.BR,11,31320127,SANTIAGO ANDRES RODRIGUEZ ORTIZ | CESAR MADEIRA PADOVESI,11,,,,,,,
SPSAV,SPSAV,62847235000170,MONETH DIGITAL ASSETS - SOCIEDADE PRESTADORA DE SERVICOS DE ATIVOS VIRTUAIS LTDA,"",MG,4895,08,20260408,20250923,"1000000,00",7490104,FISCAL@CSCGRUPO.COM,31,33016118,NICKOLAS TADEU RIBEIRO DE CAMPOS | CACTUS FINANCIAL SERVICES LTDA,11,,,,,,,
SPSAV,SPSAV,61831688000146,MT DIGITAL ASSETS SOCIEDADE PRESTADORA DE SERVICOS DE ATIVOS VIRTUAIS LTDA,"",SP,6213,02,20250721,20250721,"250000,00",6619399,"",11,45214111,RODRIGO LUIZ MACHADO TEIXEIRA | ROBERTO DOS SANTOS MASOTTI | MATHICE HOLDING DE PARTICIPACOES LTDA | MT INSTITUICAO DE PAGAMENTO SA,11,,,,,,,
SPSAV,SPSAV,64687332000179,MTPSV SOCIEDADE PRESTADORA DE SERVICOS DE ATIVOS VIRTUAIS LTDA,"",SP,7107,08,20260508,20260109,"100000,00",7490104,CTB.ALL@MATERA.COM,19,37947700,CARLOS AUGUSTO LEITE NETTO | CARLOS ANDRE BRANCO GUIMARAES | FS HOLDING LTDA,11,,,,,,,
SPSAV,SPSAV,33498107000160,MULTIPLA CAPITAL GESTAO DE ATIVOS VIRTUAIS LTDA,"",SP,6713,08,20190617,20190430,"100000,00",6203100,CONTATO@MULTIPLA.CAPITAL.COM.BR,27,33333333,ROSIANE SETIMO VIANA | SAMIRA GAIGHER LIMA FAVORETTI,11,,,,,,,
SPSAV,SPSAV,28540196000126,MVM SOCIEDADE PRESTADORA DE SERVICOS DE ATIVOS VIRTUAIS LTDA,MVMCRIPTO.COM,GO,9373,02,20210318,20170830,"100000,00",7490104,MARCIACFRSO@MVMCRIPTO.COM,62,99679461,MARCIA C F R SILVA DE O MESQUITA NASCIMENTO | VICENTE AUGUSTO MESQUITA DO NASCIMENTO,11,,,,,,,
SPSAV,SPSAV,62168961000167,NEO ATIVOS VIRTUAIS LTDA,"",SP,7107,02,20250811,20250811,"2212136,00",7490104,CONTATO@NEO.INVESTMENTS,21,20429975,NG CASH LLC | JOAO PEDRO EL HADI DE FREITAS CAVALCANTI,11,,,,,,,
SPSAV,SPSAV,64434163000165,NORA FINANCE PRESTADORA DE SERVICOS DE ATIVOS VIRTUAIS LTDA,NORA FINANCE,SC,8105,02,20260112,20260112,"10000,00",7740300,CONTATO@R2AGESTAO.COM.BR,48,99151935,BRUNO BERNARDES DE ARAUJO MONIZ | JEAN EVERSON MARTINA | VICTOR HIDEAKI CIOFFI NAKADA | LUIGI REMOR COSTA,11,,,,,,,
SPSAV,SPSAV,60437366000154,NOVAONE FINANCIAL SOCIEDADE PRESTADORA DE SERVICOS DE ATIVOS VIRTUAIS LTDA,"",SP,7107,02,20250416,20250416,"1000000,00",6619399,CONTATO@GLOBALCS.COM.BR,11,43687800,CAIO VASCONCELOS ARAUJO | XI JASON LIU,11,,,,,,,
SPSAV,SPSAV,44342498000146,NU CRYPTO  SOCIEDADE PRESTADORA DE SERVICOS DE ATIVOS VIRTUAIS LTDA,"",SP,7107,02,20211123,20211123,"433330739,00",6619399,"",11,11111111,INTERNET - FUNDO DE INVESTIMENTO EM PARTICIPACOES MULTIESTRATEGIA - RESPONSABILIDADE LIMITADA | THOMAZ LYSAKOWSKI DE VARGAS MULLER FORTES | CARLOS CORNET SCHARFSTEIN | GABRIELA TUBA,11,,,,,,,
SPSAV,SPSAV,62873489000163,OBSIDIAN VIRTUAL ASSETS SOCIEDADE PRESTADORA DE SERVICOS DE ATIVOS VIRTUAIS LTDA,"",SP,7107,02,20250924,20250924,"50000,00",7490104,ANDWETTER@GMAIL.COM,11,41571103,ANDRE WETTER | GUSTAVO ADOLFO DOS SANTOS MENDES | VINICIUS SANTA BARBARA FERNANDES | MARLON TSENG BALDISSERA,11,,,,,,,
SPSAV,SPSAV,54049320000165,ONDA FINANCE SOCIEDADE PRESTADORA DE SERVICOS DE ATIVOS VIRTUAIS LTDA,ONDA FINANCE,SP,7107,02,20240223,20240223,"73569211,00",6619399,RENATO.LIMA@ONDAFINANCE.COM.BR,11,90093813,ONDA FINANCE HOLDING S/A | NILDSON FERREIRA ALVES | MATHEUS LUIZ PUPPE MAGALHAES | RENATO GOMES LIMA,11,,,,,,,
SPSAV,SPSAV,65024286000190,ONILX SOCIEDADE PRESTADORA DE SERVICOS DE ATIVOS VIRTUAIS S.A.,ONILX,SP,7107,02,20260204,20260204,"13000000,00",7490104,CONTABILIDADE@ONILX.COM.BR,47,32277840,FABIO LINO DE ALMEIDA | WILSON HIDEYUKI AITA | ALVARO ARAUJO ROCHA | WELLINGTON WINKCLER AMORIM DE CARVALHO,11,,,,,,,
SPSAV,SPSAV,61467531000183,ONYOU STUDIO CRIATIVO VIRTUAL LTDA,ONYOU STUDIO DIGITAL,RS,8801,08,20260712,20250626,"30000,00",7420001,DOUGLAS.I.GESTAO@GMAIL.COM,51,81633441,DOUGLAS WILLIAN MELO INACIO,11,,,,,,,
SPSAV,SPSAV,34406986000116,ORBIT SOCIEDADE PRESTADORA DE SERVICOS DE ATIVOS VIRTUAIS S.A.,"",SP,6213,02,20190802,20190802,"30288495,00",6619399,COM.OFICIAL.SCP@GMAIL.COM,11,30907103,ANGELO BUENO PASCHOINI | GABRIEL FUGYAMA RAMOS | LUCAS ROBERTO PIRES RIBEIRO | ERIC NEUGEBAUER | JHONATHAN NASCIMENTO MIRANDA,11,,,,,,,
SPSAV,SPSAV,03631568000107,ORIGEM 465 SERVICOS DE ATIVOS VIRTUAIS LTDA,ORIGEM 465,SP,6213,02,20001125,20000105,"200000,00",7490104,CONTATO@ORIGEM465.COM.BR,11,42669089,ROSANELA MARTINS FREITAS,11,,,,,,,
SPSAV,SPSAV,62845739000151,OSL BRASIL SOCIEDADE PRESTADORA DE SERVICOS DE ATIVOS VIRTUAIS LTDA,"",SP,7107,02,20250923,20250923,"3000000,00",6619399,CONTATO@GLOBALCS.COM.BR,11,43687800,CAIO VASCONCELOS ARAUJO | OSL SERVICES PTE. LTD.,11,,,,,,,
SPSAV,SPSAV,64509594000143,OXUS INTERMEDIACAO DE ATIVOS VIRTUAIS LTDA,"",SP,7107,02,20260105,20260105,"10000,00",6619399,FT@CORUJALABS.IO,11,51966040,FILLIPE TRENTIN SILVA | RAFAEL CASTANEDA RIBEIRO | OXUS PARTICIPACOES LTDA,11,,,,,,,
SPSAV,SPSAV,68673659000142,PAGKRIPTO SOCIEDADE PRESTADORA DE SERVICOS DE ATIVOS VIRTUAIS LTDA,"",SP,7107,02,20260818,20260818,"10800000,00",7740300,LOURIVAL.ALVES@BLMCONSULTORIA.COM.BR,11,32620821,ERANILDO SILVA DAMASIO | RICARDO CRAVEIRO FEITOSA FILHO,11,,,,,,,
SPSAV,SPSAV,63241646000180,PAYFI SOCIEDADE PRESTADORA DE SERVICOS DE ATIVOS VIRTUAIS LTDA.,"",RJ,6001,02,20251017,20251017,"100000,00",6619399,DANIEL@PAIVAGOMES.ADV.BR,11,96415106,JULIANA PEREIRA DA CUNHA WALENKAMP,11,,,,,,,
SPSAV,SPSAV,61533076000177,PAYWARD BRASIL SOCIEDADE PRESTADORA DE SERVICOS DE ATIVOS VIRTUAIS LTDA,"",SP,7107,02,20250701,20250701,"16800000,00",7490104,REGULATORY@KRAKEN.COM,21,33009787,TULIP HOLDCO LTD | FELIPE MOREIRA MAURANO | ARTHUR ARAUJO RIBEIRO | VINICIUS GANDARA ZARATINE | MARIA MACIEL ZELNER GONCALVES,11,,,,,,,
SPSAV,SPSAV,34770882000196,PETRUS SOFTWARE SOCIEDADE PRESTADORA DE SERVICOS DE ATIVOS VIRTUAIS LTDA,PETRUS SOFTWARE,SP,6213,02,20190905,20190905,"16800000,00",6619399,CONTATO@RBSA.COM.BR,11,50632457,MURILO PETRUCI PINHEIRO | GABRIELLY SANTOS PETRUCI PINHEIRO | MARIA APARECIDA AGUIAR FERREIRA,11,,,,,,,
SPSAV,SPSAV,62082830000162,PFPAY SOCIEDADE PRESTADORA DE SERVICOS DE ATIVOS VIRTUAIS LTDA,PFPAY SERVICOS DIGITAIS,PR,7535,02,20250805,20250805,"18000000,00",6619399,SEUCNPJ@GMAIL.COM,11,95859858,LONG ZHENG | JIAN ZHENG | XIAOJIAN TENG,11,,,,,,,
SPSAV,SPSAV,33845586000144,PILLAR TRADERS CAPACITACAO EM ANALISE DE ATIVOS VIRTUAIS LTDA,PILLAR TRADERS LEARNING,ES,5699,08,20191220,20190605,"20000,00",8599604,CONTROLE@METAREAL-ES.COM.BR,27,95891234,BRAULIO ALVES SILVA | VICTOR GUSS NOGUEIRA | SUELI ALVES FERNANDES | MARCOS VINICIUS DIAS FERREIRA,11,,,,,,,
SPSAV,SPSAV,51981233000153,PIXNOW SOCIEDADE PRESTADORA DE SERVICOS DE ATIVOS VIRTUAIS LTDA,COOPERA,SP,7107,02,20230828,20230828,"10000,00",7020400,FINANCE@COOPERA.FINANCE,11,35001373,VICTOR ROBERT CUNHA,11,,,,,,,
SPSAV,SPSAV,60755434000123,PIXUS GLOBAL SOCIEDADE PRESTADORA DE SERVICOS DE ATIVOS VIRTUAIS LTDA,PIXUS GLOBAL,SP,7107,02,20250509,20250509,"8000000,00",6619399,DESMOND@PIXUSGLOBAL.COM,11,81901688,TAN KEE BOON DESMOND | KEY VENTURES PARTICIPACOES E HOLDING LTDA,11,,,,,,,
SPSAV,SPSAV,51074135000132,PLATAFORMA 32 SERVICOS DE ATIVOS VIRTUAIS LTDA,"",SP,7107,08,20260108,20230616,"1000,00",6619399,CONTATO@APPROVEDLEGAL.COM.BR,11,32860023,ANDRE LUIS FONSECA SERGIO,11,,,,,,,
SPSAV,SPSAV,51074637000163,PLATAFORMA 33 SERVICOS DE ATIVOS VIRTUAIS LTDA,"",SP,7107,08,20260108,20230616,"1000,00",6619399,CONTATO@APPROVEDLEGAL.COM.BR,11,32860023,ANDRE LUIS FONSECA SERGIO,11,,,,,,,
SPSAV,SPSAV,51074757000160,PLATAFORMA 34 SERVICOS DE ATIVOS VIRTUAIS LTDA,"",SP,7107,08,20260108,20230616,"1000,00",6619399,CONTATO@APPROVEDLEGAL.COM.BR,11,32860023,ANDRE LUIS FONSECA SERGIO,11,,,,,,,
SPSAV,SPSAV,51074905000147,PLATAFORMA 35 SERVICOS DE ATIVOS VIRTUAIS LTDA,"",SP,7107,08,20260130,20230616,"1000,00",6619399,CONTATO@APPROVEDLEGAL.COM.BR,11,32860023,ANDRE LUIS FONSECA SERGIO,11,,,,,,,
SPSAV,SPSAV,51074834000182,PLATAFORMA 36 SERVICOS DE ATIVOS VIRTUAIS LTDA,"",SP,7107,08,20260202,20230616,"1000,00",6619399,CONTATO@APPROVEDLEGAL.COM.BR,11,32860023,ANDRE LUIS FONSECA SERGIO,11,,,,,,,
SPSAV,SPSAV,51074796000168,PLATAFORMA 37 SERVICOS DE ATIVOS VIRTUAIS LTDA,"",SP,7107,08,20260824,20230616,"1000,00",6619399,CONTATO@APPROVEDLEGAL.COM.BR,11,32860023,ANDRE LUIS FONSECA SERGIO,11,,,,,,,
SPSAV,SPSAV,51074720000132,PLATAFORMA 38 SERVICOS DE ATIVOS VIRTUAIS LTDA,"",SP,7107,08,20260112,20230616,"1000,00",6619399,CONTATO@APPROVEDLEGAL.COM.BR,11,32860023,ANDRE LUIS FONSECA SERGIO,11,,,,,,,
SPSAV,SPSAV,51074351000188,PLATAFORMA 39 SERVICOS DE ATIVOS VIRTUAIS LTDA,"",SP,7107,08,20260112,20230616,"1000,00",6619399,CONTATO@APPROVEDLEGAL.COMBR,11,32860023,ANDRE LUIS FONSECA SERGIO,11,,,,,,,
SPSAV,SPSAV,51074068000156,PLATAFORMA 40 SERVICOS DE ATIVOS VIRTUAIS LTDA,"",SP,7107,08,20260109,20230616,"1000,00",6619399,CONTATO@APPROVEDLEGAL.COM.BR,11,32860023,ANDRE LUIS FONSECA SERGIO,11,,,,,,,
SPSAV,SPSAV,51074727000154,PLATAFORMA 41 SERVICOS DE ATIVOS VIRTUAIS LTDA,"",SP,7107,08,20260109,20230616,"1000,00",6619399,CONTATO@APPROVEDLEGAL.COM.BR,11,32860023,ANDRE LUIS FONSECA SERGIO,11,,,,,,,
SPSAV,SPSAV,51074989000119,PLATAFORMA 42 SERVICOS DE ATIVOS VIRTUAIS LTDA,"",SP,7107,08,20260109,20230616,"1000,00",6619399,CONTATO@APPROVEDLEGAL.COM.BR,11,32860023,ANDRE LUIS FONSECA SERGIO,11,,,,,,,
SPSAV,SPSAV,51075077000161,PLATAFORMA 43 SERVICOS DE ATIVOS VIRTUAIS LTDA,"",SP,7107,08,20260109,20230616,"1000,00",6619399,CONTATO@APPROVEDLEGAL.COM.BR,11,32860023,ANDRE LUIS FONSECA SERGIO,11,,,,,,,
SPSAV,SPSAV,51075495000159,PLATAFORMA 44 SERVICOS DE ATIVOS VIRTUAIS LTDA,"",SP,7107,08,20260109,20230616,"1000,00",6619399,CONTATO@APPROVEDLEGAL.COM.BR,11,32860023,ANDRE LUIS FONSECA SERGIO,11,,,,,,,
SPSAV,SPSAV,63653001000155,PONTE GLOBAL SOCIEDADE PRESTADORA DE SERVICOS DE ATIVOS VIRTUAIS LTDA,"",SP,7107,02,20251113,20251113,"511535,00",6619399,GUILHERMEJOOJ@GMAIL.COM,61,84697383,"TERABYTE, INC. | GUILHERME FERREIRA SANTOS",11,,,,,,,
SPSAV,SPSAV,63216323000137,PROPHEX ATIVOS VIRTUAIS LTDA,PROPHEX ATIVOS VIRTUAIS,SP,7107,08,20260508,20251016,"1000,00",6619399,CERTIFICADO@LUCASPRIM.COM,99,99999999,LUIS FELIPE SAO THIAGO DE CARVALHO | FERNANDO JOSE SAO THIAGO DE CARVALHO | FELIPE VAN BOEKEL CHEOLA HANSZMANN,11,,,,,,,
SPSAV,SPSAV,16614207000196,R A V ASSUNCAO ESCRITORIO ADMINISTRATIVO VIRTUAL,A E Z CONSULTORIA E ASSESSORIA EMPRESARIAL,DF,9701,02,20120801,20120801,"35000,00",8211300,rod_contador@hotmail.com,61,35636800,,11,,,,,,,
SPSAV,SPSAV,62279050000107,REDOTX (SAMBA) SOCIEDADE PRESTADORA DE SERVICOS DE ATIVOS VIRTUAIS LTDA,"",SP,7107,02,20250729,20250729,"10000,00",6619399,BRAZIL@REDOTPAY.COM,11,32295000,REDOTX (BRAZIL) HOLDING LTDA | RENNE CARVALHO DE SOUSA CIRQUEIRA,11,,,,,,,
SPSAV,SPSAV,59505905000166,REVOLUT BRASIL SOCIEDADE PRESTADORA DE SERVICOS E ATIVOS VIRTUAIS LTDA.,"",SP,7107,02,20250217,20250217,"15000,00",6619399,JURIDICO@REVOLUT.COM,11,30592600,GLAUBER FELIPE MOTA | REVOLUT HOLDINGS BRASIL LTDA | FELIPE ABREU MORANDI,11,,,,,,,
SPSAV,SPSAV,23351302000100,RIPIO BRASIL SOCIEDADE PRESTADORA DE SERVICOS DE ATIVOS VIRTUAIS LTDA.,RIPIO,SP,7107,02,20150925,20150925,"140041515,00",6619399,LEGAL@RIPIO.COM,11,45507951,BERNARDO GONTIJO TEIXEIRA | RIPIO PARTICIPACOES LTDA,11,,,,,,,
SPSAV,SPSAV,31857323000120,RIPPLE BRASIL SOCIEDADE PRESTADORA DE SERVICOS DE ATIVO VIRTUAL LTDA,RIPPLE BRASIL,SP,7107,02,20181022,20181022,"1000,00",6619399,PB@RALEIGH-CORP.COM.BR,21,72898866,RIPPLE LABS INC. | RIPPLE SERVICES INC. | PAOLA RIGATTO BROLLO | SILVIO ROBERTO MIRANDA PEGADO,11,,,,,,,
SPSAV,SPSAV,38143963000117,RMC SOCIEDADE PRESTADORA DE SERVICOS DE ATIVOS VIRTUAIS LTDA,ZYNXX GLOBAL,SP,7057,02,20200819,20200819,"300000,00",6619399,ZYNXXGLOBAL@ZYNXXGLOBAL.COM,11,45922357,RICARDO MENDONCA CABRAL,11,,,,,,,
SPSAV,SPSAV,64813461000166,S2S SOCIEDADE PRESTADORA DE SERVICOS DE ATIVOS VIRTUAIS LTDA,S2S SOCIEDADE PRESTADORA DE SERVICOS DE ATIVOS VIRTUAIS,SP,7107,08,20260702,20260130,"11000000,00",6619399,VASP@EXCHANGE2S.COM,11,72745743,ALRIMAR SIFUENTES DA SILVA FILHO | TAMMY SAAD JUSKEVICIUS | TYS HOLDING LTDA,11,,,,,,,
SPSAV,SPSAV,12455479000130,SANTANDER INVESTIMENTOS SOCIEDADE PRESTADORA DE SERVICOS DE ATIVOS VIRTUAIS SA,"",SP,7107,02,20100827,20100827,"283299721,27",6203100,CONTABILIDADE@TOROINVESTIMENTOS.COM.BR,31,36658700,ALESSANDRO CHAGAS FARIAS | CARLA LOPES DE MORAES,11,,,,,,,
SPSAV,SPSAV,45031765000127,SCHUTZ TECNOLOGIA E GESTAO DE ATIVOS VIRTUAIS LTDA,SCHUTZ TECNOLOGIA E INVESTIMENTOS,DF,9701,02,20220126,20220126,"50000,00",4618499,TONY@SCHUTZINVESTMENTS.COM.BR,61,91398839,TONY CLECIO DA COSTA BRAGA,11,,,,,,,
SPSAV,SPSAV,60896598000170,SLAB TOKEN SOCIEDADE PRESTADORA DE SERVICOS DE ATIVOS VIRTUAIS LTDA,"",DF,9701,08,20250704,20250519,"3000000,00",6311900,DIRETORIA@SLABASSEST.COM,11,88024402,FABIO JOSE DE MORAES MATOS | SLAB ASSETS TECNOLOGIA LTDA,11,,,,,,,
SPSAV,SPSAV,64509033000144,SMART SWAPS INTERMEDIACAO DE ATIVOS VIRTUAIS LTDA,"",SP,7107,02,20260108,20260108,"10000,00",6619399,TBARBOSA@SALLESNOGUEIRA.COM.BR,11,51966040,GUSTAVO PINTO NOGUEIRA | THIAGO BARBOSA WANDERLEY,11,,,,,,,
SPSAV,SPSAV,49273085000170,SOL SERVICOS ADMINISTRATIVOS VIRTUAIS LTDA,RC FACIL TABOAO DA SERRA,SP,7157,08,20230919,20230120,"5000,00",8211300,SOLCARTORIODIGITAL@GMAIL.COM,11,77620056,SILAS DE OLIVEIRA LIMA,11,,,,,,,
SPSAV,SPSAV,63593618000122,SPHERE BRASIL SOCIEDADE PRESTADORA DE SERVICOS DE ATIVOS VIRTUAIS LTDA,"",SP,7107,02,20251110,20251110,"100000,00",6619399,COMPLIANCE@SHEREPAY.CO,11,51280555,JUNO HOLDING BRASIL LTDA | ANDRE LUIS POMPILIO,11,,,,,,,
SPSAV,SPSAV,62551927000177,SRM EXCHANGE SOCIEDADE PRESTADORA DE SERVICOS DE ATIVOS VIRTUAIS LTDA,"",SP,7107,02,20250903,20250903,"500000,00",6619399,CONTABILIDADE@SRMASSET.COM,11,33342100,ALBERTO MANSUR | MARCOS RAFAEL MANSUR | SALIM RAPHAEL MANSUR | RAPHAEL SALIM MANSUR | MICHEL MANSUR | RAPHAEL MARCOS MANSUR,11,,,,,,,
SPSAV,SPSAV,61461894000101,SUL GRANDE DIGITAL SOCIEDADE PRESTADORA DE SERVICOS DE ATIVOS VIRTUAIS LTDA,"",SP,7107,02,20250626,20250626,"1000000,00",7490104,A@A.COM.BR,11,99999999,FERNANDA BOZ DEMOLINARI | JOSEPH CHRISTOPHER KOH BOON KIOK | TAN WEN AN,11,,,,,,,
SPSAV,SPSAV,64319477000117,TGW BRAZIL SOCIEDADE PRESTADORA DE SERVICOS DE ATIVOS VIRTUAIS LTDA,"",SP,7107,02,20260106,20260106,"1000,00",6619399,MC@REDBISHOPS.COM,11,00000000,MARIIA CHIZHIKOVA | TGW HOLDING FINANCEIRA LTDA,11,,,,,,,
SPSAV,SPSAV,64072882000183,THE GLOBAL SOUTH (BRASIL) SOCIEDADE PRESTADORA DE SERVICOS DE ATIVOS VIRTUAIS LTDA,"",SP,7107,02,20251202,20251202,"1000000,00",6499999,CONTATO@GLOBALCS.COM.BR,11,43687800,JACKIE PETER BURNETT,11,,,,,,,
SPSAV,SPSAV,33261770000147,TRADER TARGET ADMINISTRACAO DE ATIVOS VIRTUAIS LTDA,TRADER TARGET,ES,5705,04,20260515,20190405,"100000,00",7490104,ADMTRADERTARGET@GMAIL.COM,27,21416958,ALMIRAN OLIVEIRA DA SILVA,11,,,,,,,
SPSAV,SPSAV,04289288000117,TRAMOIA INFORMATIVO VIRTUAL LTDA,TRAMOIA,PR,7483,08,20190226,20010207,"0,00",6209100,tramoia@tramoia.com.br,0000,00000000,NORIVAL BALASSA | EURO BRISOLA MACIEL,11,,,,,,,
SPSAV,SPSAV,34882109000111,TRANSFERO SOCIEDADE PRESTADORA DE SERVICOS DE ATIVOS VIRTUAIS (SPSAV) LTDA.,"",RJ,6001,02,20190916,20190916,"20010000,00",6619399,MS@TRANSFERO.COM,21,22256001,CLAUDIO MARCOS JUST CAVALCANTE | MARLYSON SILVEIRA DA SILVA | TRANSFERO CAPITAL HOLDING LTDA. | TRANSFERO HOLDING PAGAMENTOS LTDA | DANIEL CAETANI,11,,,,,,,
SPSAV,SPSAV,41586874000150,TRKBIT SOCIEDADE PRESTADORA DE SERVICOS DE ATIVOS VIRTUAIS LTDA,TRKBIT,SP,7107,02,20210415,20210415,"18000000,00",6619399,FALE@TRKBIT.CO,11,99578226,THIAGO GABRIEL BRAZ | RAMON DO AMARAL SALADO JUNIOR | BRUNO RODRIGUES DE OLIVEIRA SIEGL,11,,,,,,,
SPSAV,SPSAV,62740005000108,TRUST EXCHANGE SOCIEDADE PRESTADORA DE SERVICOS DE ATIVOS VIRTUAIS LTDA,"",SP,7107,02,20250916,20250916,"1500000,00",6619399,CONTABILIDADE@SRMASSET.COM,11,33342100,MAIKEL WILIANS GOULART OLIVEIRA | RAPHAEL MARCOS MANSUR | MICHEL MANSUR | RAPHAEL SALIM MANSUR | ALBERTO MANSUR,11,,,,,,,
SPSAV,SPSAV,51060346000116,TWO TWENTY SIX SERVICOS DE ATIVOS VIRTUAIS LTDA,"",SP,7107,02,20230615,20230615,"10000,00",6619399,"",11,32141198,"ANDRE LUIS FONSECA SERGIO | TWO TWENTY TWO, INC",11,,,,,,,
SPSAV,SPSAV,22373678000152,UNION CAPITAL SOCIEDADE PRESTADORA DE SERVICOS DE ATIVOS VIRTUAIS LTDA,"",SP,7071,02,20190404,20150504,"1000000,00",6619399,LEGALIZACAO@MARKACONTABIL.COM.BR,13,32211155,KAIO SINIGOI GOMES,11,,,,,,,
SPSAV,SPSAV,34278950000102,URBAN SOCIEDADE PRESTADORA DE SERVICOS DE ATIVOS VIRTUAIS LTDA,URBAN CRYPTO EXCHANGE,SP,7107,02,20260723,20190722,"2373728,00",6619399,CONTATO@URBANEXCHANGE.COM.BR,11,77143618,CRISTIAN LUJAN TOLOSA | ISRAEL LUJAN TOLOSA | RAFAEL STEINFELD,11,,,,,,,
SPSAV,SPSAV,63241334000177,V FIALDINI CRIPTO SOCIEDADE PRESTADORA DE SERVICOS DE ATIVOS VIRTUAIS LTDA,"",SP,7107,02,20251017,20251017,"10000,00",6619399,FIALDINIADV@FIALDINIADV.COM.BR,11,30971999,VANESSA RODRIGUES DA CUNHA PEREIRA FIALDINI | MARIANA DE AZEVEDO MENDONCA | LUCIA HELENA FERNANDES DE BARROS | CARLOS HENRIQUE RIBEIRO PELLICIARI | SAMUEL GUSTAVO CALAZANS DIMBARRE,11,,,,,,,
SPSAV,SPSAV,63145230000169,VAULTUM PRESTADORA DE SERVICOS DE ATIVOS VIRTUAIS LTDA,"",PR,7535,08,20251105,20251011,"20000,00",7490104,CONTABILIDADE@VALOSKI.COM.BR,41,33273756,LUIZ FERNANDO CLAUDINO VALOSKI,11,,,,,,,
SPSAV,SPSAV,63964774000152,VELARO NETWORK SOCIEDADE PRESTADORA DE SERVICOS DE ATIVOS VIRTUAIS LTDA,"",SP,7107,02,20251204,20251204,"3000000,00",6619399,OPERATIONS.BR@BSOS.CO,61,91401414,SIRLENE SANTOS BRETAS DE NORONHA | BSOS BRASIL HOLDING LTDA,11,,,,,,,
SPSAV,SPSAV,60440284000169,VELCO BRASIL SOCIEDADE PRESTADORA DE SERVICOS DE ATIVOS VIRTUAIS LTDA,"",SP,7107,02,20250416,20250416,"132000,00",6619399,PARALEGAL@MPLEGAL.COM.BR,11,31320127,"VELLAR OPPORTUNITIES FUND MASTER, LTD. | ZAKARI MORI",11,,,,,,,
SPSAV,SPSAV,62356016000199,WB SOCIEDADE PRESTADORA DE SERVICOS DE ATIVOS VIRTUAIS LTDA,"",SP,7107,02,20250822,20250822,"1000,00",7490104,GABRIEL.BROETTO@WHITEBIT.COM,27,98909329,DATATECH INVESTMENTS LIMITED | GUILHERME SIZINO DO PRADO,11,,,,,,,
SPSAV,SPSAV,58277883000161,WEBULL SOCIEDADE PRESTADORA DE SERVICOS DE ATIVOS VIRTUAIS LTDA.,"",SP,7107,02,20241128,20241128,"100000,00",6619399,BRENDA@WEBULL-BR.COM,11,97258650,BRENDA FERREIRA ALVES GALHARDO MAGALHAES | RUBEN MIGUEL GUERRERO | JAMES LEE CHERRY | WEBULL SECURITIES HOLDINGS (BRAZIL) LTDA,11,,,,,,,
SPSAV,SPSAV,66643089000112,WYNX EXCHANGE SOCIEDADE PRESTADORA DE SERVICOS DE ATIVOS VIRTUAIS S/A,WYNX FINANCE,PR,7691,02,20260505,20260505,"1000000,00",7490104,CONTATO@WYNXFINANCE.COM.BR,44,88468728,WELLINGTON BERTO DE OLIVEIRA | IGOR DANCOSKI GRACIANO | LEANDRO DE MATOS DE OLIVEIRA | NATANAEL DINO CAVALLI | PEDRO SILVANO GUNTHER,11,,,,,,,
SPSAV,SPSAV,59794320000103,XEND SOCIEDADE PRESTADORA DE SERVICOS DE ATIVOS VIRTUAIS LTDA,"",SP,7107,02,20250307,20250307,"100000,00",7490104,CONTABIL@XEND.FOREX,11,69439053,JOAO MARCELO CARUCCI DE SOUZA | MAURICIO PARAVIDINO DE ALMEIDA KOPKE,11,,,,,,,
SPSAV,SPSAV,63945921000147,YELLOW SUBMARINE SOCIEDADE PRESTADORA DE SERVICOS DE ATIVOS VIRTUAIS LTDA,"",SP,7107,02,20251202,20251202,"100,00",6619399,RAFAEL.FILHO@SERPACPL.COM.BR,11,48901910,RAFAEL DOS SANTOS SILVA FILHO | YIFAN GUAN,11,,,,,,,
SPSAV,SPSAV,61304707000186,ZIMBA SOCIEDADE PRESTADORA DE SERVICOS DE ATIVOS VIRTUAIS LTDA,"",SP,6213,08,20260512,20250613,"50000,00",6201501,LUCIANO@GOWD.COM,44,32258357,LUCIANO CARNEIRO RIBEIRO,11,,,,,,,
INCUMBENTE,Banco Múltiplo,00416968000101,BANCO INTER S.A.,BANCO INTER S.A.,MG,4123,02,20051103,19950201,,6422100,"",31,30034070,MARCO TULIO GUIMARAES | ALEXANDRE RICCIO DE OLIVEIRA | PRISCILA SALLES VIANNA DE PAULA | LUCAS DE SOUZA BERNARDES | FREDERICO CORREA FERREIRA DE MELO | RAFAELA DE OLIVEIRA VITORIA | FLAVIO RAMOS QUEIJO | TIAGO DE ALMEIDA MACHADO | MAURO FRANCA RANGEL | THAIS LEITE LEMOS | ANDRE GUILHERME HENRIQUES CARAM | PIERRE CARVALHO MAGALHAES | EDUARDO VALLADARES COTTA | LEONARDO PAIXAO GONCALVES DE SOUZA | MARCELO DANTAS DE CARVALHO | CARLOS FILIPE DE OLIVEIRA PEDROSA | MARLOS FRANCISCO DE SOUZA ARAUJO | FERNANDO VIDAL BACCHIN | MARCELLO GARCIA MARCOMINI | MARCELA SANTOS SALA ZONIS,10,1,1,0,1,MARCO TULIO GUIMARAES | TIAGO DE ALMEIDA MACHADO | MARCELO DANTAS DE CARVALHO | MARLOS FRANCISCO DE SOUZA ARAUJO,https://www.bancointer.com.br :: cripto,"O Banco Inter teve três de seus projetos de tokenização selecionados pelo Banco Central para a fase de testes do Drex em 2024, lançou a funcionalidade 'Trocar Cripto' com taxa zero e firmou parceria com a Tether em maio de 2026, além de disponibilizar a negociação de contratos futuros de criptomoedas na B3 em setembro de 2026."
INCUMBENTE,Sociedade Distribuidora de TVM,18945670000146,INTER DISTRIBUIDORA DE TITULOS E VALORES MOBILIARIOS LTDA,INTER DTVM,MG,4123,02,20130925,20130925,,6612602,FISCAL@BANCOINTER.COM.BR,31,21017000,BANCO INTER S.A | ALEXANDRE RICCIO DE OLIVEIRA | MARCO TULIO GUIMARAES | MARIA CLARA GUIMARAES GUSMAO | LUCAS DE SOUZA BERNARDES | ANDRE GUILHERME HENRIQUES CARAM | EDUARDO VALLADARES COTTA | PIERRE CARVALHO MAGALHAES | MARCELO DANTAS DE CARVALHO | MARLOS FRANCISCO DE SOUZA ARAUJO,8,1,1,0,0,MARCO TULIO GUIMARAES | MARCELO DANTAS DE CARVALHO | MARLOS FRANCISCO DE SOUZA ARAUJO,https://inter.co :: cripto,erro: 'candidates'
INCUMBENTE,Sociedade Corretora de TVM,62169875000179,NU INVESTIMENTOS S.A. - CORRETORA DE TÍTULOS E VALORES MOBILIÁRIOS,"",SP,7107,02,20050903,19680807,,6612601,"",11,11111111,RODRIGO SANTOS SILVA | VALESCA CIDRONIO GOMES | PATRICIA SAAD WHITAKER | FABRICIO SOUZA DE LIMA | ARTHUR FERREIRA VALADAO | RENATO PEREIRA LAIZ | GABRIELA TUBA | VIVIANE DE ALMEIDA MARINHEIRO DA SILVA | CLAUDIO DE NARDI QUEIROZ | JANINE ANGERT HEINEMAN | MARIANA BACCHIN AFONSO,8,1,1,0,0,GABRIELA TUBA,https://www.nubank.com.br :: cripto,erro: 'candidates'
INCUMBENTE,Sociedade Corretora de TVM,61194353000164,ITAU CORRETORA DE VALORES S.A.,"",SP,7107,02,20051103,19660718,,6612601,ITAUJUDICIAL@ITAU-UNIBANCO.COM.BR,11,30034828,CARLOS HENRIQUE DONEGA AIDAR | ALVARO DE ALVARENGA FREIRE PIMENTEL | DANIEL NASCIMENTO GORETTI | BADI MAANI SHAIKHZADEH | FABIO HORTA MOTTA MARQUES DA COSTA | LEONARD BRUNO LINNET | HORCILIANO FRANCISCO MARQUES | ESTEVAO CARCIOFFI LAZANHA | FELIPE WEIL WILBERG | RENATO BEREZNJAK CUNHA | RODRIGO MALAGONI DE CASTRO | RENATO DA SILVA CARVALHO,7,1,0,0,1,RENATO DA SILVA CARVALHO,"","A Itaú Corretora de Valores S.A., através do Itaú Unibanco e sua plataforma íon, oferece a negociação direta de diversas criptomoedas, incluindo stablecoins como USDC, e participa ativamente do projeto piloto do Drex, além de realizar testes de tokenização de ativos como debêntures e fundos em 2024-2026."
INCUMBENTE,Sociedade Corretora de TVM,68757681000170,SIMPAUL CORRETORA DE CAMBIO E VALORES MOBILIARIOS  S.A.,"",SP,7107,02,20050305,19930204,,6612601,FINANCEIRO@SIMPAUL.COM.BR,51,33279888,GABRIELA DO NASCIMENTO NOGUEIRA | NELSON RICARDO SOARES DO AMARAL LEITE,7,1,0,0,1,NELSON RICARDO SOARES DO AMARAL LEITE,https://www.simpaul.com.br,"A SIMPAUL CORRETORA DE CAMBIO E VALORES MOBILIARIOS S.A. foi adquirida pela Binance, uma das maiores plataformas de criptomoedas do mundo, em uma transação aprovada pelo Banco Central do Brasil em 2024, o que permite à Binance atuar no mercado brasileiro de criptoativos e valores mobiliários, incluindo discussões sobre stablecoins em real e o Drex."
INCUMBENTE,Sociedade Corretora de TVM,65913436000117,SAFRA ASSET CORRETORA DE TÍTULOS E VALORES MOBILIÁRIOS S.A.,"",SP,7107,02,20051103,19910514,,6612601,JURIDICO.SOCIETARIO@SAFRA.COM.BR,11,31757575,EVANDRO LUIZ DE ALMEIDA PEREIRA | GUILHERME MEISTER | HIROMITI MIZUSAKI | MARCIO AURELIO DE NOBREGA | MARIO MELLO FREIRE NETO | CARLOS PELA | PEDRO CARLOS ARAUJO COUTINHO | RAFAEL BORDALO QUINTAS | GUILHERME GONZALEZ CRONEMBERGER PARENTE,6,0,1,1,1,,https://www.safra.com.br :: crypto,"A Safra lançou o 'Safra Dólar', sua própria stablecoin lastreada em dólar, que é um criptoativo e ativo virtual registrado em blockchain, com disponibilidade para clientes a partir de setembro de 2025."
INCUMBENTE,Sociedade Distribuidora de TVM,44782130000107,ACTUAL DISTRIBUIDORA DE TÍTULOS E VALORES MOBILIÁRIOS S.A.,ACTUAL DTVM,MG,4123,02,20260716,20220106,,6612602,JURIDICO@ACTUALDTVM.COM.BR,31,36583032,GUILHERME MOURAO VAZ | MARCELO FARIA RODRIGUES | GUSTAVO DA SILVA MARTINS,5,0,1,0,1,,"https://www.libertasasset.com.br :: cripto,crypto","A ACTUAL DISTRIBUIDORA DE TÍTULOS E VALORES MOBILIÁRIOS S.A. (Actual DTVM) faz parte de um consórcio selecionado pela ANBIMA para um projeto piloto de tokenização, anunciado em abril de 2026, que testará o ciclo de vida completo de ativos tokenizados, como debêntures e fundos de investimento."
INCUMBENTE,Sociedade Distribuidora de TVM,13486793000142,APEX GROUP DISTRIBUIDORA DE TÍTULOS E VALORES MOBILIÁRIOS S.A.,"",SP,7107,02,20110406,20110406,,6612602,JURIDICO.ADMFIDUCIARIA@APEXGROUP.COM,11,35090600,MAURICIO DA COSTA RIBEIRO | ANA CAROLINA FERRACCIU COUTINHO MOURA | LUIZ CARLOS NIMI | FRANCINE DE CASTRO BALBINA LEITE | ROGERIO DE OLIVEIRA FERREIRA | FELIPE PEREIRA LIMA | JOSE WALTER LUCAS | MAURICIO ANDRE CATANEO | MARCOS LUCIANO DE OLIVEIRA SANTOS,5,0,1,0,1,,"https://www.apexgroup.com :: crypto,stablecoin","O Apex Group, que inclui a instituição financeira brasileira MAF Distribuidora de Títulos e Valores Mobiliários S.A. e BRL Trust Distribuidora de Títulos e Valores Mobiliários S.A. no Brasil, lançou em parceria com a Coinbase Asset Management um fundo tokenizado de rendimento em bitcoin na plataforma Base em março de 2026, com o objetivo de modernizar a distribuição de fundos regulamentados por meio da tecnologia blockchain."
INCUMBENTE,Banco Múltiplo,06271464000119,BANCO BRADESCO BBI S.A.,BBI,SP,6789,02,20051103,19661024,,6422100,"",11,36814011,BRUNO D AVILA MELO BOETGER | RUI MIGUEL ALEIXO MARQUES | LUIS FELIPE THUT MACIEL | CLAYTON NEVES XAVIER | NILTON PEREIRA DOS SANTOS JUNIOR | MARCOS DANIEL BOLL | VINICIUS PANARO | ANTONIO CAMPANHA JUNIOR | DANILO LUIS DAMASCENO | ANDRE MOOR WHITAKER DE ASSUMPCAO | HENRIQUE LEME PINTO LIMA | PATRICIA KESSLER DE ASSUMPCAO | CRISTIANO ADJUTO E CAMPOS | DANIELA FASOLARI HADJI THOMAS | MARCOS ALEXANDRE PINA CAVAGNOLI | CRISTIANO GOMES DE MOURA,5,1,0,0,0,ANDRE MOOR WHITAKER DE ASSUMPCAO,https://www.bradescobbi.com.br,erro: 'candidates'
INCUMBENTE,Banco Múltiplo,71027866000134,BANCO BS2 S.A.,"",MG,4123,02,20051103,19930412,,6422100,BS2INFORMACOES@BANCOBS2.COM.BR,31,30788800,RENATA BRAGA PENTAGNA GUIMARAES | JULIANA BRAGA PENTAGNA GUIMARAES | CARLOS EDUARDO TAVARES DE ANDRADE JUNIOR | RODRIGO BRAGA PENTAGNA GUIMARAES | ZIRO MURATA JUNIOR | MARCOS ANTONIO VAZ DE MAGALHAES | RODRIGO ELIAS MOREIRA | DAVI PONCIANO ARAUJO LIMA | DANILO RICARDO BONO ZIMMERMANN,5,0,1,0,1,,https://wa.me :: stablecoin,"Em agosto de 2024, o BS2 introduziu a rede chainX da Bloxs ao projeto piloto do Drex para contribuir com questões de privacidade, escalabilidade e programabilidade, e em dezembro de 2025, o CEO do BS2, Marcos Magalhães, anunciou que o banco comercializaria criptoativos, oferecendo acesso a diversas criptomoedas dentro de um contexto regulatório."
INCUMBENTE,Banco Múltiplo,07237373000120,BANCO DO NORDESTE DO BRASIL S.A.,BNB,CE,1389,02,20051103,19660929,,6422100,DEBORAXAVC@BNB.GOV.BR,85,32993000,JOSE ALDEMIR FREIRE | WANGER ANTONIO DE ALENCAR ROCHA | ANA TERESA BARBOSA DE CARVALHO | LEONARDO VICTOR DANTAS DA CRUZ | ANTONIO JORGE PONTES GUIMARAES JUNIOR | RAIMUNDO VANDIR FARIAS JUNIOR | PAULO HENRIQUE SARAIVA CAMARA,5,0,1,0,1,,https://www.bnb.gov.br :: web3,"O Banco do Nordeste (BNB) iniciou em fevereiro de 2024 sua participação no projeto de desenvolvimento da moeda digital do Brasil, o Drex, integrando um dos consórcios criados pelo Banco Central para realizar testes. Adicionalmente, em abril de 2026, o BNB foi selecionado para um projeto-piloto de tokenização de debêntures e fundos de investimento pela Anbima, com testes em andamento."
INCUMBENTE,Banco Múltiplo,60394079000104,BANCO ITAUBANK S.A.,"",SP,7107,02,20051103,19660708,,6422100,ITAUJUDICIAL@ITAU-UNIBANCO.COM.BR,11,30034828,BADI MAANI SHAIKHZADEH | ERIC ANDRE ALTAFIM | CARLOS FERNANDO ROSSI CONSTANTINI | TATIANA GRECCO | DANIEL NASCIMENTO GORETTI | ALVARO DE ALVARENGA FREIRE PIMENTEL | RITA RODRIGUES FERREIRA CARVALHO | ESTEVAO CARCIOFFI LAZANHA | VINICIUS SANTANA | RENATO DA SILVA CARVALHO | ALVARO FELIPE RIZZI RODRIGUES | LINEU CARLOS FERRAZ DE ANDRADE | ALBANO MANOEL ALMEIDA | ANDRE BALESTRIN CESTARE | CARLOS EDUARDO DE ALMEIDA MAZZEI,5,1,0,0,0,ERIC ANDRE ALTAFIM | RENATO DA SILVA CARVALHO,https://www.itau.com.br,erro: 'candidates'
INCUMBENTE,Banco Múltiplo,17192451000170,BANCO ITAUCARD S.A.,ITAUCARD FINANCEIRA,SP,7107,02,20051103,19660928,,6431000,ITAUJUDICIAL@ITAU-UNIBANCO.COM.BR,11,30034828,RUBENS FOGLI NETTO | BADI MAANI SHAIKHZADEH | ERIC ANDRE ALTAFIM | JOAO FILIPE FERNANDES DA COSTA ARAUJO | LINEU CARLOS FERRAZ DE ANDRADE | TATIANA GRECCO | DANIEL NASCIMENTO GORETTI | JOSE GERALDO FRANCO ORTIZ JUNIOR | RITA RODRIGUES FERREIRA CARVALHO | MARIO NEWTON NAZARETH MIGUEL | RODRIGO ANDRE LEIRAS CARNEIRO | LEANDRO ALVES | ESTEVAO CARCIOFFI LAZANHA | VINICIUS SANTANA | ANDRE BALESTRIN CESTARE | ALBANO MANOEL ALMEIDA | FLAVIO RIBEIRO IGLESIAS,5,1,0,0,0,ERIC ANDRE ALTAFIM,https://www.itau.com.br,erro: 'candidates'
INCUMBENTE,Banco Múltiplo,61190658000106,BANCO ITAÚ VEÍCULOS S.A.,"",SP,7107,02,20051103,19670713,,6431000,ITAUJUDICIAL@ITAU-UNIBANCO.COM.BR,11,30034828,BADI MAANI SHAIKHZADEH | ERIC ANDRE ALTAFIM | LINEU CARLOS FERRAZ DE ANDRADE | TATIANA GRECCO | DANIEL NASCIMENTO GORETTI | RITA RODRIGUES FERREIRA CARVALHO | LEANDRO ALVES | ODACIR JOSE FERNANDES PEIXOTO | VINICIUS SANTANA | ALVARO FELIPE RIZZI RODRIGUES | MAYARA ARCI REZECK | ANDRE BALESTRIN CESTARE | ALBANO MANOEL ALMEIDA | FLAVIO RIBEIRO IGLESIAS | CARLOS EDUARDO DE ALMEIDA MAZZEI | NUNO FILIPE BONITO MONTEIRO,5,1,0,0,0,ERIC ANDRE ALTAFIM,"",erro: 'candidates'
INCUMBENTE,Banco Múltiplo,33603457000140,BANCO RODOBENS S.A.,"",SP,7107,02,20051103,19681010,,6422100,FISCAL@RODOBENS.COM.BR,11,21248700,MILTON JORGE DE MIRANDA HAGE | WALDEMAR VERDI JUNIOR | MARCIO ANISIO HADDAD | GUSTAVO HENRIQUE BIZAIO TESTI | FERNANDO MARCELO CALADO DE ANDRADE | FLAVIO LOPES FERRAZ | DANIEL JORGE CELEGUIM,5,1,0,0,0,FLAVIO LOPES FERRAZ,https://www.rodobens.com.br,erro: 'candidates'
INCUMBENTE,Banco Múltiplo,90400888000142,BANCO SANTANDER (BRASIL) S.A.,"",SP,7107,02,20051103,19850812,,6422100,CADASTRO.SANTANDER@TARGETLAW.COM.BR,11,40043535,EDE ILSON VIANI | REGINALDO ANTONIO RIBEIRO | ROBSON DE SOUZA REZENDE | DEBORAH PATRICIA WRIGHT | DEBORAH STERN VIEITAS | CARLOS AGUIAR NETO | CLAUDENICE LOPES DUARTE | GERMANUELA DE ALMEIDA DE ABREU | ALESSANDRO TOMAO | FRANCO LUIGI FASOLI | JEAN PAULO KAMBOURAKIS | VITOR OHTSUKI | GERALDO JOSE RODRIGUES ALCKMIN NETO | PEDRO AUGUSTO DE MELO | RICARDO OLIVARE DE MAGALHAES | SANDRO MAZERINO SOBRAL | GILBERTO DUARTE DE ABREU FILHO | ALEXANDRE GUIMARAES SOARES | ANDRE JUACABA DE ALMEIDA | CELSO MATEUS DE QUEIROZ | PAULO CESAR FERREIRA DE LIMA ALVES | PAULO SERGIO DUAILIBI | THOMAZ ANTONIO LICARIAO ROCHA | VANESSA ALESSI MANZI | DANIEL MENDONCA PARETO | PAULO FERNANDO ALVES LIMA | RICHARD FLAVIO DA SILVA | LEONARDO MENDES CABRAL | CRISTIANA ALMEIDA PIPPONZI | ALESSANDRO CHAGAS FARIAS | ALEXANDRE TEIXEIRA DE ARAUJO | CEZAR AUGUSTO JANIKIAN | CLAUDIA CHAVES SAMPAIO | EDUARDO ALVAREZ GARRIDO | EDUARDO LUIS SASAKI | GUSTAVO DE SOUSA SANTOS | IZABELLA FERREIRA COSTA BELISARIO | RAFAEL ABUJAMRA KAPPAZ | VANESSA DE SOUZA LOBATO BARBOSA | JAVIER MALDONADO TRINCHANT | CAMILA STOLF TOLEDO | MARCELO ALEIXO | MARCOS JOSE MAIA DA SILVA | MARIANA CAHEN MARGULIES | MICHELE SOARES ISHII | RUDOLF GSCHLIFFNER | CARLOS DIAZ ALVAREZ | LEONARDO AUGUSTO DE ANDRADE BARBOSA | PABLO AGOTE ALIQUE | DENIS FERRO JUNIOR | MAURICIO CALIGGIURI INFORCATI | NICOLAS VERGARA | CARLOS IGNACIO MUNIZ GONZALEZ BLANCH | ANTONIO CARLOS QUINTELLA | GILSON FINKELSZTAIN,5,1,0,0,0,ALESSANDRO CHAGAS FARIAS,https://www.santander.com.br,erro: 'candidates'
INCUMBENTE,Banco Múltiplo,10371492000185,BANCO YAMAHA MOTOR DO BRASIL S.A.,"",SP,7107,02,20080926,20080926,,6422100,YSF.FISCAL@YAMAHA-MOTOR.COM.BR,11,31712400,NELSON DIAS DE AGUIAR JUNIOR | ALEXANDRE SAQUETTI | MARCO ANTONIO RIVIERI | VALMIR MARCONI,5,1,0,0,0,MARCO ANTONIO RIVIERI,https://www.yamahaservicosfinanceiros.com.br,"Não foram encontradas evidências de que o 'BANCO YAMAHA MOTOR DO BRASIL S.A.' tenha anunciado, lançado ou esteja construindo algo em criptoativos, ativos virtuais, tokenização, stablecoin ou Drex no período de 2024 a 2026."
INCUMBENTE,Banco de Câmbio,13059145000100,EBURY BANCO DE CÂMBIO S.A.,EBURY BANK,SP,7107,02,20101222,20101222,,6438701,CONTATO@BR.EBURY.COM,11,27125300,JOSE GARCIA ESTEBAN | DAVID JOSE TIBURCIO BRITO | LUCAS CAMINHA DE LIMA E SILVA | LUIS ANTONIO ERCOLIM GONELLI,5,0,1,0,1,,https://br.ebury.com :: ativos virtuais,"Ebury Banco de Câmbio S.A. (Ebury Bank) lançou uma nova linha de negócios no Brasil como Provedor de Serviços de Ativos Virtuais (VASP) em janeiro/março de 2026, permitindo que empresas liquidem operações internacionais usando stablecoins sob as diretrizes do Banco Central."
INCUMBENTE,Sociedade Distribuidora de TVM,62418140000131,INTRAG DISTRIBUIDORA DE TITULOS E VALORES MOBILIARIOS LTDA.,"",SP,7107,02,20051103,19690429,,6612602,ITAUJUDICIAL@ITAU-UNIBANCO.COM.BR,11,30034828,ITAU UNIBANCO S.A. | ITAU CONSULTORIA DE VALORES MOBILIARIOS E PARTICIPACOES S.A. | ERIC ANDRE ALTAFIM | BADI MAANI SHAIKHZADEH | CARLOS FERNANDO ROSSI CONSTANTINI | TATIANA GRECCO | ALVARO DE ALVARENGA FREIRE PIMENTEL | DANIEL NASCIMENTO GORETTI | RITA RODRIGUES FERREIRA CARVALHO | ROBERTA ANCHIETA DA SILVA | RENATO DA SILVA CARVALHO | ESTEVAO CARCIOFFI LAZANHA | VINICIUS SANTANA | ALVARO FELIPE RIZZI RODRIGUES | LINEU CARLOS FERRAZ DE ANDRADE | RODRIGO MALAGONI DE CASTRO | ANDRE BALESTRIN CESTARE | CARLOS EDUARDO DE ALMEIDA MAZZEI,5,1,0,0,0,ITAU UNIBANCO S.A. | ITAU CONSULTORIA DE VALORES MOBILIARIOS E PARTICIPACOES S.A. | ERIC ANDRE ALTAFIM | RENATO DA SILVA CARVALHO,https://www.intrag.com.br,"Não foram encontradas evidências de que a INTRAG DISTRIBUIDORA DE TITULOS E VALORES MOBILIARIOS LTDA. tenha anunciado, lançado ou esteja construindo algo em criptoativos, ativos virtuais, tokenização, stablecoin ou Drex entre 2024 e 2026 nos resultados da pesquisa."
INCUMBENTE,Banco Múltiplo,60872504000123,ITAÚ UNIBANCO HOLDING S.A.,"",SP,7107,02,20051103,19651231,,6431000,ITAUJUDICIAL@ITAU-UNIBANCO.COM.BR,11,50191879,EMERSON MACEDO BORTOLOTO | ADRIANO CABRAL VOLPINI | ALVARO FELIPE RIZZI RODRIGUES | JOSE VIRGILIO VITA NETO | PAULO SERGIO MIRON | TATIANA GRECCO | ANDRE BALESTRIN CESTARE | RENATO BARBOSA DO NASCIMENTO | MILTON MALUHY FILHO | RENATO DA SILVA CARVALHO | RENATO LULIA JACOB | DANIEL SPOSITO PASTORE | ANDRE LUIS TEIXEIRA RODRIGUES | CARLOS FERNANDO ROSSI CONSTANTINI | FLAVIO AUGUSTO AGUIAR DE SOUZA | RICARDO RIBEIRO MANDACARU GUERRA | SERGIO GUILLINET FAJERMAN | JOSE GERALDO FRANCO ORTIZ JUNIOR | MATIAS GRANATA | PEDRO PAULO GIUBBINA LORENZINI | LUCIANA NICOLA | ALFREDO EGYDIO SETUBAL | ANA LUCIA DE MATTOS BARRETTO VILLELA | CANDIDO BOTELHO BRACHER | CESAR NIVALDO GON | FABIO COLLETTI BARBOSA | JOAO MOREIRA SALLES | MARIA HELENA DOS SANTOS FERNANDES DE SANTANA | PEDRO LUIZ BODIN DE MORAES | PEDRO MOREIRA SALLES | RICARDO VILLELA MARINO | ROBERTO EGYDIO SETUBAL | RUBENS FOGLI NETTO | ERIC ANDRE ALTAFIM | LINEU CARLOS FERRAZ DE ANDRADE | MARIO NEWTON NAZARETH MIGUEL | MAIRA BLINI DE CARVALHO | CARLOS ORESTES VANZO | DANIELA PEREIRA BOTTAI | VINICIUS SANTANA | CRISTIANO GUIMARAES DUARTE | FABRICIO BLOISI ROCHA | PAULO ANTUNES VERAS | ANDRE MAURICIO GERALDES MARTINS | GUILHERME BARROS LEITE DE ALBUQUERQUE MARANHAO | MARCIA KINSCH DE LIMA | PEDRO HENRIQUE MOREIRA RIBEIRO | RAFAEL VIETTI DA FONSECA | GUSTAVO LOPES RODRIGUES | GABRIEL AMADO DE MOURA | MICHELE MARIA VITA | FELIPE PICCOLI AVERSA | RODRIGO ANDRE LEIRAS CARNEIRO | MAYARA ARCI REZECK | MARCOS MARINHO LUTZ | DANIEL MENEZES SANTANA | FELIPE XAVIER MINHOTO TAMBELINI | RICARDO NUNO DELGADO GONCALVES | RITA RODRIGUES FERREIRA CARVALHO | ALBANO MANOEL ALMEIDA | FLAVIO RIBEIRO IGLESIAS | CARLOS EDUARDO DE ALMEIDA MAZZEI | NUNO FILIPE BONITO MONTEIRO | RENATO GIONGO VICHI,5,1,0,0,0,RENATO DA SILVA CARVALHO | ERIC ANDRE ALTAFIM | RICARDO NUNO DELGADO GONCALVES,https://www.itau.com.br,erro: 'candidates'
INCUMBENTE,Banco Múltiplo,60701190000104,ITAÚ UNIBANCO S.A.,ITAU UNIBANCO,SP,7107,02,20051103,19440822,,6421200,ITAUJUDICIAL@ITAU-UNIBANCO.COM.BR,11,30034828,RICARDO RIBEIRO MANDACARU GUERRA | CINTIA CARBONIERI FLEURY DE CAMARGO | CARLOS ORESTES VANZO | JOSE VIRGILIO VITA NETO | ADRIANO CABRAL VOLPINI | FLAVIO AUGUSTO AGUIAR DE SOUZA | ANDRE LUIS TEIXEIRA RODRIGUES | EDUARDO CARDOSO ARMONIA | EDUARDO CORSETTI | MARCIO LUIS DOMINGUES DA SILVA | MARIO LUCIO GURGEL PIRES | MATIAS GRANATA | PEDRO BARROS BARRETO FERNANDES | RICARDO NUNO DELGADO GONCALVES | THALES FERREIRA SILVA | LAILA REGINA DE OLIVEIRA PENA DE ANTONIO | LINEU CARLOS FERRAZ DE ANDRADE | ALVARO FELIPE RIZZI RODRIGUES | THIAGO LUIZ CHARNET ELLERO | RODRIGO RODRIGUES BAIA | ATILIO LUIZ MAGILA ALBIERO JUNIOR | GABRIELA RODRIGUES FERREIRA | FLAVIO RIBEIRO IGLESIAS | ESTEVAO CARCIOFFI LAZANHA | RODRIGO JORGE DANTAS DE OLIVEIRA | BADI MAANI SHAIKHZADEH | JOSE DE CASTRO ARAUJO RUDGE FILHO | FELIPE WEIL WILBERG | CRISTIANO GUIMARAES DUARTE | ERIC ANDRE ALTAFIM | VALERIA APARECIDA MARRETTO | ALESSANDRO ANASTASI | GABRIEL GUEDES PINTO TEIXEIRA | TATIANA GRECCO | ANDRE BALESTRIN CESTARE | ANDREA CARPES BLANCO | ADRIANA MARIA DOS SANTOS | CARLOS EDUARDO MORI PEYSER | ROGERIO VASCONCELOS COSTA | MILENA DE CASTILHO LEFON MARTINS | BRUNO MACHADO FERREIRA | RENATO CESAR MANSUR | CARLOS AUGUSTO SALAMONDE | MILTON MALUHY FILHO | CARLOS FERNANDO ROSSI CONSTANTINI | FERNANDO KONTOPP DE OLIVEIRA | BRUNO BIANCHI | LEANDRO ROBERTO DOMINIQUINI | RENATA CRISTINA DE OLIVEIRA | JOAO FILIPE FERNANDES DA COSTA ARAUJO | GUSTAVO ANDRES | ALEXANDRE BORIN RIBEIRO | RENATO DA SILVA CARVALHO | CARLOS EDUARDO DE ALMEIDA MAZZEI | RENATO LULIA JACOB | DANIEL SPOSITO PASTORE | ALVARO DE ALVARENGA FREIRE PIMENTEL | DANIEL NASCIMENTO GORETTI | JOSE GERALDO FRANCO ORTIZ JUNIOR | ANDRE MAURICIO GERALDES MARTINS | FABIO RODRIGO VILLA | FELIPE SAMPAIO NABUCO | RUBENS FOGLI NETTO | EDUARDO NOGUEIRA DOMEQUE | JOAO CARLOS DO AMARAL DOS SANTOS | RENATO GIONGO VICHI | MARCELO BEVILACQUA GAMBARINI | RITA RODRIGUES FERREIRA CARVALHO | SANDRA CRISTINA MISCHIATTI LANCELLOTTI | ADRIANO TCHEN CARDOSO ALVES | RAFAEL BASTOS HERINGER | LUCIANA NICOLA | GUILHERME PESSINI CARVALHO | MARIO NEWTON NAZARETH MIGUEL | FERNANDO SILVA DIAS DE CASTRO | EDUARDO COUTINHO DE OLIVEIRA AMORIM | BEATRIZ COUTO DELLEVEDOVE BERNARDI | ROBERTA ANCHIETA DA SILVA | RODRIGO ANDRE LEIRAS CARNEIRO | LEANDRO ALVES | FERNANDO MATTAR BEYRUTI | FABIO HORTA MOTTA MARQUES DA COSTA | MICHEL CURY CHAIN | PEDRO CAMPOS BIAS FORTES | MAIRA BLINI DE CARVALHO | CAIO BARBOSA LIMA MORENO | FABRICIO DORE DE MAGALHAES | FELIPE PICCOLI AVERSA | TATYANA MONTENEGRO GIL | MICHELE MARIA VITA | CRISTINA GOUVEIA AGUIAR | MARIA ESTELA CASTANHEIRA SAAB CAIUBY NOVAES | VINICIUS SANTANA | DAVI FALEIROS FRANCO DA ROCHA | MARCIA KINSCH DE LIMA | PEDRO PRATES RODRIGUES | TIAGO AUGUSTO MORELLI | MARCO FLAVIO TRAJANO MATTOS | ULLISSES CHRISTIAN SILVA ASSIS | GUSTAVO LOPES RODRIGUES | ANGELO RUSSOMANNO FERNANDES | PEDRO HENRIQUE MOREIRA RIBEIRO | RAFAEL VIETTI DA FONSECA | HAROLDO COUTINHO DE LUCENA NETO | GABRIEL AMADO DE MOURA | SERGIO GUILLINET FAJERMAN | RENATO BEREZNJAK CUNHA | FRANCIS ROBERTO GALLO | GABRIEL BRABO DE BERNARDES | GABRIELA FIGUEIREDO DENADAI | GUSTAVO NOBUAKI AOKI | MAYARA ARCI REZECK | PAMELA VAIANO | FLAVIA DAVOLI | DANIEL MENEZES SANTANA | FELIPE XAVIER MINHOTO TAMBELINI | MARCOS ZANI DELLA MANNA | MARIANA MAURIZ RODRIGUES | PAOLA ARCHIBUSACCI SARKIS | RAFAEL BURINI OHDE | JULIANA IMPROTA CURY SIMON | ALBANO MANOEL ALMEIDA | ANA PAULA NUNES CERCHIARI ALMEIDA | ANDRE BARRETO PALMA | CASSIO MARTINI MARTINS PEREIRA | DANIEL MORETTO BUCHEB | FABIO AUGUSTO RODRIGUES CINTRA ZAGATTI | FERNANDO CESAR FERREIRA CAMPOS | MARCOS PAULO COELHO | NUNO FILIPE BONITO MONTEIRO | ANDRE FIALHO TSUTSUI | PEDRO FRADE RODRIGUES | SERGIO MYCHKIS GOLDSTEIN | THIAGO CAPUCCI MACRUZ,5,1,0,0,0,RICARDO NUNO DELGADO GONCALVES | ERIC ANDRE ALTAFIM | RENATO DA SILVA CARVALHO,https://www.itau.com.br,erro: 'candidates'
INCUMBENTE,Sociedade Corretora de TVM,04257795000179,NOVA FUTURA CORRETORA DE TÍTULOS E VALORES MOBILIÁRIOS LTDA.,NOVA FUTURA INVESTIMENTOS,SP,7107,02,20010116,20010116,,6612601,JOAO@NOVAFUTURA.COM.BR,11,32918018,JOAQUIM DA SILVA FERREIRA | JOAO DA SILVA FERREIRA NETO | ANDRE DE CARVALHO FERREIRA | MANOELA DE CARVALHO FERREIRA,5,0,1,0,1,,https://www.novafutura.com.br :: bitcoin,A Nova Futura Corretora permite operar contratos futuros de Bitcoin junto à B3 desde 17 de abril de 2024 e também oferece acesso a cripto via BDRs listados na B3.
INCUMBENTE,Sociedade Corretora de Câmbio,17635177000167,REMITLY CORRETORA DE CÂMBIO LTDA.,"",SP,7107,02,20130218,20130218,,6612603,RAFAELR@REMITLY.COM,11,99999999,REMITLY PARTICIPACOES LTDA | RAFAEL MOURA ROBLES | RAFAELLA DI PALERMO PEREZ,5,0,1,0,1,,"https://www.remitly.com :: cripto,crypto","A Remitly, cuja operação no Brasil é realizada pela Remitly Corretora de Câmbio Ltda, lançou em dezembro de 2025 a opção de enviar dólares americanos como stablecoins (USDC), permitindo aos usuários transferir fundos para carteiras de criptoativos em alguns países."
INCUMBENTE,Sociedade Distribuidora de TVM,03502968000104,SANTANDER DISTRIBUIDORA DE TÍTULOS E VALORES MOBILIÁRIOS S.A.,"",SP,7107,02,20051103,19991112,,6612602,SUPIMPOSTOSISSQN@SANTANDER.COM.BR,11,30127040,LUCIANE BUSS EFFTING | ALESSANDRO CHAGAS FARIAS | GERALDO JOSE RODRIGUES ALCKMIN NETO | GUSTAVO SCHWARTZMANN | ROGERIO OLIVEIRA RIBEIRO,5,1,0,0,0,ALESSANDRO CHAGAS FARIAS,https://www.toroinvestimentos.com.br,"As fontes indicam que a SANTANDER DISTRIBUIDORA DE TÍTULOS E VALORES MOBILIÁRIOS S.A. é dedicada à Administração Fiduciária para fundos de investimento, sem menção explícita de anúncio, lançamento ou construção de algo em criptoativos, ativos virtuais, tokenização, stablecoin ou Drex no período de 2024-2026 pelas informações fornecidas. As atividades relacionadas a criptoativos e tokenização são atribuídas a outras entidades do Grupo Santander no Brasil, como a Santander Corretora e a Santander Investimentos Sociedade Prestadora de Serviços de Ativos Virtuais S.A.."
INCUMBENTE,Sociedade Distribuidora de TVM,59394633000174,SRM DISTRIBUIDORA DE TÍTULOS E VALORES MOBILIÁRIOS LTDA.,"",SP,7107,02,20250211,20250211,,6612602,CONTABILIDADE@SRMASSET.COM,11,33342100,SALIM RAPHAEL MANSUR | MARCOS RAFAEL MANSUR | RAPHAEL SALIM MANSUR | EDUARDO VIEIRA DE SIQUEIRA,5,1,0,0,0,SALIM RAPHAEL MANSUR | MARCOS RAFAEL MANSUR | RAPHAEL SALIM MANSUR,https://www.srmasset.com,erro: 'candidates'
INCUMBENTE,Sociedade Distribuidora de TVM,62280490000184,TRADERS DISTRIBUIDORA DE TÍTULOS E VALORES MOBILIÁRIOS LTDA.,DIBRAN,SP,7107,02,20051103,19681212,,6612602,MESQUITA@MESQUITACONT.COM.BR,11,31077411,TC HOLDING FINANCEIRA LTDA | LEANDRO ALVES DA SILVA | ISRAEL CALEBE MASSA,5,0,1,0,1,,https://www.traders.com.br :: cripto,"A Traders Corretora (Traders Distribuidora de Títulos e Valores Mobiliários Ltda.) publicou artigos e guias em 2026, informando sobre investimentos em criptoativos e ativos digitais, incluindo BDRs de criptoativos e portfólios digitais, indicando a oferta de serviços relacionados a essas categorias."
INCUMBENTE,Sociedade Corretora de TVM,16683062000185,MERCADO BITCOIN CORRETORA DE TÍTULOS E VALORES MOBILIÁRIOS S.A.,"",SP,7107,02,20051103,19731129,,6612601,TRIBUTARIO@2TMGROUP.COM,11,31357695,ANDRE DINIS GOUVINHAS | LUCAS LOPES | GUSTAVO MERCADANTE DE FIGUEIREDO | VANESSA ARAUJO LOPES BUTALLA,4,0,1,1,0,,"https://www.mercadobitcoin.com.br :: ativos virtuais,bitcoin,blockchain,cripto,crypto",erro: 'candidates'
INCUMBENTE,Sociedade Corretora de TVM,12392983000138,"MIRAE ASSET (BRASIL) CORRETORA DE CÂMBIO, TÍTULOS  E VALORES MOBILIÁRIOS LTDA.","",SP,7107,02,20100817,20100817,,6612601,JURIDICO.CTVM@MIRAEINVEST.COM.BR,11,27892000,MIRAE ASSET SECURITIES (HK) LIMITED | TAEKOO KIM | RICARDO NICOLA TANTULLI | HYUNSUNG KIM,4,0,1,1,0,,https://corretora.miraeasset.com.br :: bitcoin,erro: 'candidates'
INCUMBENTE,Sociedade Corretora de TVM,43050917000103,"ACTIVTRADES CORRETORA DE CÂMBIO, TÍTULOS E VALORES MOBILIÁRIOS LTDA.","",SC,8105,02,20210809,20210809,,6612601,RLIMA@ACTIVTRADES.COM,19,28724760,ALEXANDRE OLIVIER LAZARE PUSCO | RODRIGO BEDIN RODRIGUES DE LIMA | ACTIVTRADES BRASIL PARTICIPACOES LTDA | ALEXANDRE FERRAZ DE OLIVEIRA | EDUARDO GALASINI | GABRIEL CAUDURO GUSMAO,3,0,1,0,0,,"https://www.activtrades.com :: bitcoin,blockchain,cripto,crypto",erro: 'candidates'
INCUMBENTE,Sociedade Corretora de TVM,62178421000164,ALFA CORRETORA DE CAMBIO E VALORES MOBILIARIOS S.A.,"",SP,7107,02,20051103,19681016,,6612601,PARALEGAL@SAFRA.COM.BR,11,31757575,EVANDRO LUIZ DE ALMEIDA PEREIRA | CARLOS PELA,3,0,1,0,0,,https://www.safra.com.br :: crypto,erro: 'candidates'
INCUMBENTE,Sociedade Distribuidora de TVM,36864992000142,APEX DISTRIBUIDORA DE TÍTULOS E VALORES MOBILIÁRIOS S.A.,MAF DTVM,SP,7107,02,20200403,20200403,,6612602,JURIDICO.ADMFIDUCIARIA@APEXGROUP.COM,11,35090600,ANA CAROLINA FERRACCIU COUTINHO MOURA | LUIZ CARLOS NIMI | FRANCINE DE CASTRO BALBINA LEITE | ROGERIO DE OLIVEIRA FERREIRA | FELIPE PEREIRA LIMA | JOSE WALTER LUCAS | MAURICIO ANDRE CATANEO,3,0,1,0,0,,"https://www.apexgroup.com :: crypto,stablecoin",erro: 'candidates'
INCUMBENTE,Sociedade Corretora de Câmbio,44323831000170,ATUAL SOCIEDADE CORRETORA DE CÂMBIO LTDA,ATUAL CAMBIO,SP,7099,02,20211122,20211122,,6612603,GALDINO.ALVIM@GMAIL.COM,11,99999999,GALDINO AUGUSTO DE FARIA ALVIM | BRUNA BORGES FERNANDES COUTO | GUILHERME ORSI DE SOUZA | LUCIANO PREVEDELLO,3,0,1,0,0,,"https://www.atualcambio.com.br :: cripto,stablecoin",erro: 'candidates'
INCUMBENTE,Banco Múltiplo,04814563000174,BANCO AFINZ S.A. - BANCO MÚLTIPLO,BANCO AFINZ,SP,7145,02,20050827,20011109,,6422100,FISCAL@AFINZ.COM.BR,15,32246827,MARCELO MOREIRA DE SOUZA | NILTON FERREIRA DA SILVA | LUIZ MACIEL DE LIMA FILHO | TULIO SARAVAL DA SILVA | LUIZ FRANCISCO MACIEL DE LIMA | DANILO NASCIMENTO LOPES DA SILVA | SOLANGE SILVA FARIA DE OLIVEIRA | ALESANDRA SELMA MARTINS | ADOLFO PASSAGLIA RODRIGUEZ UMBON,3,0,1,0,0,,https://www.afinz.com.br :: cripto,erro: 'candidates'
INCUMBENTE,Banco de Investimento,60770336000165,BANCO ALFA DE INVESTIMENTO S.A.,"",SP,7107,02,20051103,19660830,,6432800,PARALEGAL@SAFRA.COM.BR,11,31757575,MARCOS LIMA MONTEIRO | ALBERTO MONTEIRO DE QUEIROZ NETTO | BRUNO APPELBAUM | CARLOS PELA | LEANDRO DE AZAMBUJA MICOTTI | MARCIO AURELIO DE NOBREGA | GUILHERME GONZALEZ CRONEMBERGER PARENTE | RAFAEL BORDALO QUINTAS,3,0,1,0,0,,https://www.safra.com.br :: crypto,erro: 'candidates'
INCUMBENTE,Banco Comercial,03323840000183,BANCO ALFA S.A.,"",SP,7107,02,20051103,19990806,,6421200,PARALEGAL@SAFRA.COM.BR,11,31757575,MARCOS LIMA MONTEIRO | ALBERTO MONTEIRO DE QUEIROZ NETTO | CARLOS PELA | LEANDRO DE AZAMBUJA MICOTTI | GUILHERME GONZALEZ CRONEMBERGER PARENTE,3,0,1,0,0,,https://www.safra.com.br :: crypto,erro: 'candidates'
INCUMBENTE,Banco Múltiplo,01522368000182,BANCO BNP PARIBAS BRASIL S.A.,BNP BRASIL,SP,7107,02,20051103,19961030,,6422100,FINANCEIRO@BR.BNPPARIBAS.COM,11,38413100,PHILIPPE PIERRE VENTOZE | RICARDO CONSTANCIO VAZ GUIMARAES | CHAN FUNG YI | RENATO CELSO THEODORO | GIOVANNI LEO GELAPE | MARIA LUIZA GREGORIO PAIVA | CAMILA SIMON PALLAVICINI | IZABEL CABRAL NEVES | CLAUDIO BRAGA DE MATOS | LEANDRO DE ALMEIDA QUINTAL | MONICA MINAKO FUTAMI PICCIRILLO | ENRIQUE CEZAR GARCIA DE CAMPOS,3,0,1,0,0,,https://www.bnpparibas.com.br :: cripto,erro: 'candidates'
INCUMBENTE,Banco Múltiplo,61348538000186,BANCO C6 CONSIGNADO S.A.,.,SP,7107,02,20051103,19660720,,6422100,CENTRALNOTIFICACOES@C6BANK.COM,11,33437129,RENE MARCELO GONCALVES | ADRIANO GENIS GHELMAN | ARTUR ILDEFONSO BROTTO DE AZEVEDO,3,0,1,0,0,,https://api.whatsapp.com :: stablecoin,erro: 'candidates'
INCUMBENTE,Banco Múltiplo,31872495000172,BANCO C6 S.A.,"",SP,7107,02,20181026,20181026,,6422100,CENTRALNOTIFICACOES@C6BANK.COM,11,28326000,MARCOS SILVA MASSUKADO | RENE MARCELO GONCALVES | MARCELO KALIM | LEANDRO TORRES | NELSON NOVAES NETO | LEANDRO FLORIDO TONDIN | PHILIPPE KATZ | PATRICIA SAUMA GIGLIO | FERNANDO NOGUEIRA NOLASCO ASTOLFI | GUSTAVO CALDAS DA SILVA,3,0,1,0,0,,https://api.whatsapp.com :: stablecoin,erro: 'candidates'
INCUMBENTE,Banco Múltiplo,53518684000184,BANCO HSBC S.A.,"",SP,7107,02,20051103,19840529,,6422100,"",11,28023250,ALEXANDRE DE BARROS CRUZ E GUIAO | FABIO ALDRIGHI CAPUTO | MARCELO FRAGA SOARES | FABIO WEIZENMANN | MAURICIO TREPICHE | NELSON KOUTAKA MIYAKE,3,0,1,0,0,,https://www.hsbc.com.br :: blockchain,erro: 'candidates'
INCUMBENTE,Banco de Investimento,33588252000132,BANCO INDUSCRED DE INVESTIMENTO S.A.,"",SP,7107,02,20051103,19671227,,6432800,FINANCEIRO@BANCOINDUSCRED.COM.BR,11,31912000,ANDRE KISSAJIKIAN | CARLOS DE GIOIA | CELSO COSCARELLI,3,0,1,0,0,,https://www.bancoinduscred.com.br :: bitcoin,erro: 'candidates'
INCUMBENTE,Banco Múltiplo,03017677000120,BANCO J. SAFRA S.A.,"",SP,7107,02,20051103,19990303,,6422100,PARALEGAL@SAFRA.COM.BR,11,31757575,HIROMITI MIZUSAKI | AGOSTINHO STEFANELLI FILHO | FERNANDO CRUZ RABELLO | MARCOS LIMA MONTEIRO | FERNANDO BAPTISTA DA CRUZ | LEANDRO DE AZAMBUJA MICOTTI | CARLOS PELA | BRUNO APPELBAUM | JOAQUIM VIEIRA FERREIRA LEVY | MARCIO AURELIO DE NOBREGA | ADRIANO MACIEL PEDROTI | ENRICA MORPURGO | GUILHERME MEISTER | EVANDRO LUIZ DE ALMEIDA PEREIRA | ALBERTO MONTEIRO DE QUEIROZ NETTO | MARIO MELLO FREIRE NETO | PEDRO CARLOS ARAUJO COUTINHO | RAFAEL BORDALO QUINTAS | GUILHERME GONZALEZ CRONEMBERGER PARENTE | MARCELO BALAN,3,0,1,0,0,,https://www.safra.com.br :: crypto,erro: 'candidates'
INCUMBENTE,Banco Múltiplo,33172537000198,BANCO J.P. MORGAN S.A.,JPMORGAN,SP,7107,02,20051103,19660901,,6422100,"",11,49503931,DANIEL COSTA BARRETO | JORGE CONSTANTINO BERNARDES DOS SANTOS | DECIO RAMOS PORCHAT DE ASSIS | FABIO JORGE RESEGUE | LANDULPHO BORGES DA FONSECA TUTZER PROFILI | FLAVIA ROCHA LIMA DE ALMEIDA PRADO | PEDRO CARLOS RAMOS RIBEIRO JUNIOR | MARIANA PLASS RIZZO | PAULO COIMBRA DE SOUZA | ELIZA HARUMI OGAWA | PEDRO CLARK JULIANO | MARCELO LUIS ALVAREZ GAIANI | CAROLINA CHAVES D AVOLA,3,0,1,0,0,,https://www.jpmorgan.com :: blockchain,erro: 'candidates'
INCUMBENTE,Banco Múltiplo,58160789000128,BANCO SAFRA S.A.,"",SP,7107,02,20051103,19721117,,6422100,"",11,31757575,AGOSTINHO STEFANELLI FILHO | JAYME SRUR | FERNANDO CRUZ RABELLO | MARCOS LIMA MONTEIRO | FERNANDO BAPTISTA DA CRUZ | LEANDRO DE AZAMBUJA MICOTTI | CARLOS PELA | RICARDO DANIEL GOMES DE NEGREIROS | JOAQUIM VIEIRA FERREIRA LEVY | BRUNO APPELBAUM | EDUARDO TELES DE OLIVEIRA | MARIO MELLO FREIRE NETO | PEDRO CARLOS ARAUJO COUTINHO | ADRIANO MACIEL PEDROTI | ENRICA MORPURGO | GUILHERME MEISTER | EVANDRO LUIZ DE ALMEIDA PEREIRA | ALBERTO MONTEIRO DE QUEIROZ NETTO | GUILHERME GONZALEZ CRONEMBERGER PARENTE | MARCELO BALAN | FERNANDO AUGUSTO CARDOZO | SILVANA CRISTINA TINTI | FABIANA DE SOUZA MORAES CASSIANO | ELITA VECHIN PASTORELO ARIAZ | RAFAEL BORDALO QUINTAS | MAURICIO CEARA | FERNANDO KRUEGER COTA | FABIO HENRIQUE CORREA,3,0,1,0,0,,https://www.safra.com.br :: crypto,erro: 'candidates'
INCUMBENTE,Banco Múltiplo,62237425000176,BANCO STELLANTIS S.A.,"",MG,4133,02,20051103,19681029,,6431000,FISCAL.BANCO@STELLANTIS.COM,31,98307544,GUNNAR ALEJO RAMOS MURILLO | ANDREA FAINA | MARCIO DE LIMA LEITE | LUCAS MATOS FERNANDES | LIGIA REGINA DUARTE | DAVIDSON WILLIAM ARTUR DE ARAUJO | GERMANA DESTRO SANGLARD | FERNANDA MATSUDA | DOMINIQUE EDMOND PIERRE SIGNORA,3,0,1,0,0,,"https://www.bancostellantis.com.br :: cripto,crypto",erro: 'candidates'
INCUMBENTE,Banco Múltiplo,60518222000122,BANCO SUMITOMO MITSUI BRASILEIRO S.A.,SUMITOMO MITSUI BANKING CORPORATION BRASIL,SP,7107,02,20051103,19661004,,6422100,FINANCE@SMBCGROUP.COM.BR,11,32388022,ACHILLES ALFONSO SUAREZ FILHO | RENATA GRUNBERG ALMEIDA PRADO | SHIN HIRONAKA | SORAIA CRISTINA MENDES | FUSAAKI TOZAWA | DAISUKE OKURO | JOAQUIM DE VASCONCELOS E SOUSA PAULA MARQUES | CLAUDIA ARRIGO GETSCHKO,3,0,1,0,0,,https://www.smbcgroup.com.br :: cripto,erro: 'candidates'
INCUMBENTE,Banco Múltiplo,11703662000144,BANCO TRAVELEX S.A.,*******,SP,7107,02,20100311,20100311,,6422100,JURIDICO@CONFIDENCECAMBIO.COM.BR,11,99999999,ANA CRISTINA RAMOS TENA | CHRISTIAN REINHARD THEODOR STIER | JORGE GUSTAVO ARBEX | CARLOS ROGERIO GANIKO | MARCOS ARCHINA WEIGT | DANILA SOTERRONI RODRIGUES | LUIS EDUARDO DOS SANTOS,3,0,1,0,0,,https://www.travelexbank.com.br :: ativos virtuais,erro: 'candidates'
INCUMBENTE,Banco Múltiplo,10264663000177,BANCOSEGURO S.A.,"",SP,7107,02,20080813,20080813,,6422100,L-PAGSEGURO-PARALEGAL@UOLINC.COM,11,25404877,ROBERTO SADAMI IKEGAMI | CARLOS EDUARDO CARVALHO MAUAD | GUSTAVO BAHIA GAMA SECHIN | ENRIQUE CESAR SUAREZ FRAGATA LOPES,3,0,1,0,0,,https://pagseguro.vc :: crypto,erro: 'candidates'
INCUMBENTE,Banco de Investimento,45283173000100,BBVA BRASIL BANCO DE INVESTIMENTO S.A.,BBVA BRASIL,SP,7107,02,20051103,19810115,,6432800,BBVA.FZ@BBVACF.PT,11,37074900,ERIKA CLARO GLORIGIANO | FREDERICO DE CAMPOS VENTRIGLIA | TIAGO EZAO PEREIRA BENTO | JORGE EDUARDO BOLLA VIGNES | MARIA AGUSTINA RAMIREZ | LUIS LUCENA GONZALEZ | RODRIGO DE ALMEIDA MARTINS | RODRIGO FITTIPALDI ROCHA,3,0,1,0,0,,"https://www.bbva.com :: blockchain,stablecoin","Não há evidências diretas nos resultados da busca de que a 'BBVA BRASIL BANCO DE INVESTIMENTO S.A.' tenha anunciado, lançado ou esteja construindo algo em criptoativos, ativos virtuais, tokenização, stablecoin ou Drex no Brasil entre 2024 e 2026."
INCUMBENTE,Banco Comercial,42272526000170,BNY MELLON BANCO S.A.,"",RJ,6001,02,20051103,19730802,,6421200,SAC@BNYMELLON.COM.BR,21,32192500,EDUARDO ADRIANO KOELLE | MARCUS VINICIUS MATHIAS PEREIRA | PETERSON ANTONIO DA PAZ | MATILDE FREITAS DA COSTA | RODRIGO BOVO PERES,3,0,1,0,0,,"https://www.bnymellon.com :: blockchain,tokeniza",erro: 'candidates'
INCUMBENTE,Banco de Câmbio,19307785000178,BRAZA BANK S.A. BANCO DE CÂMBIO,BRAZA BANK,PR,7535,02,20131125,20131125,,6438701,CONTASAPAGAR@BRAZABANK.COM.BR,41,31230100,BRUNO BUDANT PEROTTONI | GISLAINE GAVLETA | MARCELO LUIZ SACOMORI | ANTONIO DE PADUA PARENTE FILHO | MARCOLINO MEDEIROS JUNIOR II | RAFAEL DE OLIVEIRA MORAES | RAFAEL TAKEYOSHI YOKOYAMA | THIAGO CESAR DE OLIVEIRA RODRIGUES,3,0,1,0,0,,"https://www.brazabank.com.br :: cripto,stablecoin",erro: 'candidates'
INCUMBENTE,Sociedade Corretora de Câmbio,16944141000100,BROKER BRASIL CORRETORA DE CÂMBIO LTDA.,"",SP,7107,02,20120921,20120921,,6612603,CONTROLLER@BROKERBRASILCAMBIO.COM.BR,11,28998888,MARCELO DE CLEMENTE BENVENUTI | OSWALDO BENVENUTI FILHO | AIRTON DA SILVA JUNIOR,3,0,1,0,0,,"https://www.brokerbrasilcambio.com.br :: cripto,web3","Não foram encontradas evidências de que a 'BROKER BRASIL CORRETORA DE CÂMBIO LTDA.' tenha anunciado, lançado ou esteja construindo algo em criptoativos, ativos virtuais, tokenização, stablecoin ou Drex entre 2024 e 2026 nas fontes consultadas."
INCUMBENTE,Sociedade Corretora de TVM,32345784000186,C6 CORRETORA DE TÍTULOS E VALORES MOBILIÁRIOS LTDA.,"",SP,7107,02,20190103,20190103,,6612601,CENTRALNOTIFICACOES@C6BANK.COM,11,28326000,LEANDRO TORRES | RENE MARCELO GONCALVES | GUSTAVO CALDAS DA SILVA | MARCELO KALIM | NELSON NOVAES NETO | PATRICIA SAUMA GIGLIO | PHILIPPE KATZ | FERNANDO NOGUEIRA NOLASCO ASTOLFI | BANCO C6 S.A.,3,0,1,0,0,,https://api.whatsapp.com :: stablecoin,erro: 'candidates'
INCUMBENTE,Sociedade Corretora de TVM,09512542000118,CODEPE CORRETORA DE VALORES E CÂMBIO S.A.,CODEPE S/A.,SP,6213,02,20030418,19850711,,6612601,CODEPE@CODEPE.COM.BR,11,26080999,FERNANDO BASTOS DE AGUIAR | HELENA MARUYAMA BASTOS DE AGUIAR,3,0,1,0,0,,"https://www.codepe.com.br :: cripto,crypto","Não foram encontradas evidências diretas de que a CODEPE CORRETORA DE VALORES E CÂMBIO S.A. tenha anunciado, lançado ou esteja construindo algo em criptoativos, ativos virtuais, tokenização, stablecoin ou Drex no período de 2024 a 2026."
INCUMBENTE,Sociedade Corretora de TVM,00336036000140,COINVALORES CORRETORA DE CÂMBIO E VALORES MOBILIÁRIOS LTDA.,COINVALORES,SP,7107,02,20051103,19941205,,6612601,FERNANDOSTELLES@COINVALORES.COM.BR,11,30354141,JOSE ATALIBA FERRAZ SAMPAIO | FERNANDO FERREIRA DA SILVA TELLES | HENRIQUE FREIHOFER MOLINARI | FRANCISCO CANDIDO DE ALMEIDA LEITE,3,0,1,0,0,,https://coinvalores.com.br :: bitcoin,erro: 'candidates'
INCUMBENTE,Sociedade Corretora de Câmbio,15761217000191,CORRETORA DE CÂMBIO AÇORIANA LIMITADA.,"",AM,0255,02,20120619,20120619,,6612603,OPER@ATUALHOLDING.COM,15,91029834,ATUAL HOLDING FINANCEIRA LTDA. | JOAO VICTOR PIVA AGUIAR DE PAULA E SILVA | RODRIGO MARINO FOGACA,3,0,1,0,0,,"https://www.acorianacorretora.com.br :: blockchain,cripto,stablecoin",erro: 'candidates'
INCUMBENTE,Sociedade Corretora de Câmbio,94968518000167,EFX CORRETORA DE CÂMBIO LTDA.,"",SP,7107,02,20050108,19930113,,6612603,DECYSEO@DECYSEO.COM.BR,11,31562133,FABIAN DANIEL MAGGIORI | ALEXANDRE GALVAO,3,0,1,0,0,,https://www.efxcambio.com.br :: crypto,erro: 'candidates'
INCUMBENTE,Sociedade Corretora de TVM,47965438000178,EQI INVESTIMENTOS CORRETORA DE TÍTULOS E VALORES MOBILIÁRIOS S.A.,"",SP,7107,02,20220915,20220915,,6612601,JURIDICO@EUQUEROINVESTIR.COM,11,47501795,JULIANO AVILA CUSTODIO | ANDRE BUENO MACIEL ARANTES | ANDRE LUIZ DIB RIGO | CAROLINE FERNANDES | WENDEL CASSIANO | PEDRO FALABELLA DE CASTRO GUIMARAES | RODRIGO CARLINI MONTEIRO | MATHEUS ROSLER TOMAZ,3,0,1,0,0,,https://www.eqi.com.br :: cripto,erro: 'candidates'
INCUMBENTE,Sociedade Corretora de Câmbio,19086249000190,EXECUTIVE SOCIEDADE CORRETORA DE CÂMBIO LTDA.,"",RS,8771,02,20131016,20131016,,6612603,"",51,33033444,MILTON ROBINSON | FABIANE BOURSCHEID STAUDT | SUELI PRASS,3,0,1,0,0,,https://www.executivecambio.com.br :: cripto,erro: 'candidates'
INCUMBENTE,Sociedade Corretora de Câmbio,55428859000198,FREEX SOCIEDADE CORRETORA DE CÂMBIO S.A.,FREEX CORRETORA,SP,7107,02,20240606,20240606,,6612603,CONTATO@FREEXCAMBIO.COM.BR,11,80370007,BRUNO SZELMENCZI PIERRE | WLADIMIR DA SILVA PEREIRA,3,0,1,0,0,,https://www.freexcambio.com.br :: cripto,erro: 'candidates'
INCUMBENTE,Sociedade Corretora de Câmbio,21040668000132,GLOBAL EXCHANGE DO BRASIL SOCIEDADE CORRETORA DE CÂMBIO LTDA.,GLOBAL EXCHANGE FOREING EXCHANGE SERVICES,RJ,6001,02,20140915,20140915,,6612603,P.GLUCHAK@GLOBALEXCHANGE.BR.COM,21,33982632,GLOBAL EXCHANGE DO BRASIL PARTICIPACOES LTDA | ISIDORO JOSE ALANIS MARCOS | PEDRO SERGIO GLUCHAK | GRAZIELLY BARROS DE SOUSA,3,0,1,0,0,,https://www.global-exchange.com :: bitcoin,erro: 'candidates'
INCUMBENTE,Banco Múltiplo,04332281000130,GOLDMAN SACHS DO BRASIL BANCO MULTIPLO S.A.,"",SP,7107,02,20050827,20010314,,6431000,GS-TAX-BRAZIL@GS.COM,11,33710842,SILVIA REGINA CRUZ VALENTE | KATHIA APARECIDA AUTUORI | JULIANO MEIRA CAMPOS ARRUDA | ANDRE DOS SANTOS MENDONCA | PAULA PENNA MOREIRA | RICARDO GENIS MOURAO | RICARDO HENRIQUE TARDELLI BELLISSI | CARLOS ALBERTO RODRIGUES LOUREIRO JUNIOR | LEOREM CARNEIRO DE OLIVEIRA | CRISTINA ESTRADA PEREDO | THIAGO DIAS MARINHEIRO | ALEXANDRE HENRIQUES NUNES,3,0,1,0,0,,"https://www.goldmansachs.com :: bitcoin,blockchain,crypto,stablecoin",erro: 'candidates'
INCUMBENTE,Sociedade Corretora de TVM,09605581000160,GOLDMAN SACHS DO BRASIL CORRETORA DE TÍTULOS E VALORES MOBILIÁRIOS S.A.,"",SP,7107,02,20080527,20080527,,6612601,GS-TAX-BRAZIL@GS.COM,11,33710811,SILVIA REGINA CRUZ VALENTE | KATHIA APARECIDA AUTUORI | JULIANO MEIRA CAMPOS ARRUDA | ANDRE DOS SANTOS MENDONCA | CARLOS ALBERTO RODRIGUES LOUREIRO JUNIOR | LEOREM CARNEIRO DE OLIVEIRA | RICARDO GENIS MOURAO | ALEXANDRE HENRIQUES NUNES,3,0,1,0,0,,"https://www.gs.com :: bitcoin,blockchain,crypto,stablecoin",erro: 'candidates'
INCUMBENTE,Sociedade Corretora de TVM,57707777000108,GURU CORRETORA DE TÍTULOS E VALORES MOBILIÁRIOS LTDA.,"",SP,7107,02,20241016,20241016,,6612601,FELIPE@GURU.COM.VC,11,81844455,LUIZ FELIPE DE OLIVEIRA BOCAYUVA CATAO | WEVERTON CESAR PERES BERNARDES | GURU PARTICIPACOES LTDA | GUILHERME MARIN,3,0,1,0,0,,"https://www.guru.com.vc :: bitcoin,cripto",erro: 'candidates'
INCUMBENTE,Sociedade Distribuidora de TVM,07253654000176,HEDGE INVESTMENTS DISTRIBUIDORA DE TÍTULOS E VALORES MOBILIÁRIOS LTDA.,"",SP,7107,02,20050218,20050218,,6612602,DTVM@HEDGEINVEST.COM.BR,11,31244100,ANDRE LUIZ DE SANTOS FREITAS | FELIPE BRAMBILLA FREITAS | MARIA CECILIA CARRAZEDO DE ANDRADE | RICARDO DE SANTOS FREITAS | ALEXANDRE AUGUSTO LEITE MACHADO | JOAO PHELIPE TOAZZA DE OLIVEIRA | MAURO CARAME DAHRUJ | CAROLINA GOMES DE MORAIS CRUVINEL | MARIANA NATALE FREITAS | CAROLINA LUIZA GORDO RIBEIRO,3,0,1,0,0,,https://www.hedgeinvest.com.br :: bitcoin,erro: 'candidates'
INCUMBENTE,Banco de Câmbio,02992317000187,INTEX BANK BANCO DE CÂMBIO S.A.,"",SP,7107,02,20031004,19990129,,6438701,DIRETORIA@TREVISOCC.COM.BR,11,21411770,LUIZ ALBERTO TADEU DOS SANTOS CLEMENTE | WILSON FANTAZINI NAGEM | RODRIGO XIMENDES DOS SANTOS | VINICIUS NOGUEIRA CARMONA,3,0,1,0,0,,"https://www.trevisocc.com.br :: cripto,crypto",erro: 'candidates'
INCUMBENTE,Sociedade Corretora de TVM,32588139000194,J.P. MORGAN CORRETORA DE TÍTULOS E VALORES MOBILIÁRIOS S.A.,"",SP,7107,02,20051103,19890725,,6612601,OUVIDORIA.JP.MORGAN@JPMORGAN.COM,11,49503822,LANDULPHO BORGES DA FONSECA TUTZER PROFILI | JORGE CONSTANTINO BERNARDES DOS SANTOS | DECIO RAMOS PORCHAT DE ASSIS | FABIO JORGE RESEGUE | FLAVIA ROCHA LIMA DE ALMEIDA PRADO | MARIANA PLASS RIZZO | ELIZA HARUMI OGAWA | PEDRO CARLOS RAMOS RIBEIRO JUNIOR | MARCELO LUIS ALVAREZ GAIANI,3,0,1,0,0,,https://www.jpmorgan.com :: blockchain,"Não há evidências diretas nos resultados da pesquisa de que a 'J.P. MORGAN CORRETORA DE TÍTULOS E VALORES MOBILIÁRIOS S.A.' tenha anunciado, lançado ou esteja construindo algo em criptoativos, ativos virtuais, tokenização, stablecoin ou Drex no período de 2024 a 2026. As menções a atividades em criptoativos e tokenização se referem a iniciativas globais do J.P. Morgan ou J.P. Morgan Chase."
INCUMBENTE,Sociedade Distribuidora de TVM,33851205000130,J.P. MORGAN S.A. - DISTRIBUIDORA DE TÍTULOS E VALORES MOBILIÁRIOS,J.P. MORGAN DTVM,SP,7107,02,20051103,19720218,,6612602,OUVIDORIA.JP.MORGAN@JPMORGAN.COM,11,49503931,JORGE CONSTANTINO BERNARDES DOS SANTOS | DECIO RAMOS PORCHAT DE ASSIS | FLAVIA ROCHA LIMA DE ALMEIDA PRADO | MARIANA PLASS RIZZO | ELIZA HARUMI OGAWA | PEDRO CARLOS RAMOS RIBEIRO JUNIOR | MARCELO LUIS ALVAREZ GAIANI,3,0,1,0,0,,https://www.jpmorgan.com :: blockchain,erro: 'candidates'
INCUMBENTE,Banco Comercial Estrangeiro - Filial no país,46518205000164,"JPMORGAN CHASE BANK, NATIONAL ASSOCIATION","",SP,7107,02,20051103,19740614,,6421200,"",11,49503822,,3,0,1,0,0,,https://www.jpmorgan.com :: blockchain,erro: 'candidates'
INCUMBENTE,Sociedade Corretora de Câmbio,06132348000119,LABOR SOCIEDADE CORRETORA DE CÂMBIO LTDA.,LABOR CAMBIO,PE,2531,02,20050924,20030602,,6612603,LABORCAMBIO@GRUPOLABOR.NET,81,34650808,JOSE GOMES CASIMIRO | MARIA DAS GRACAS SANTOS CASIMIRO,3,0,1,0,0,,"https://www.laborcambio.com.br :: cripto,crypto",erro: 'candidates'
INCUMBENTE,Sociedade Distribuidora de TVM,57671443000121,MERCADO PAGO DISTRIBUIDORA DE TÍTULOS E VALORES MOBILIÁRIOS LTDA.,"",SP,6789,02,20241014,20241014,,6612602,NAORESPONDER@MERCADOLIVRE.COM,11,21212121,MERCADO CREDITO HOLDING FINANCEIRA LTDA. | ANDRE SANTOS DE REZENDE CHAVES | JOAO PAULO SANTIN LIMA | IGNACIO ESTIVARIZ BARILATI | PATRICIA CAMARGO DE OLIVEIRA LEAL | MARCIO APARECIDO DE SOUZA | DAVIDSON CASSEMIRO,3,0,1,0,0,,https://www.mercadopago.com.br :: crypto,erro: 'candidates'
INCUMBENTE,Sociedade Corretora de Câmbio,07333726000195,ONNIX CORRETORA DE CÂMBIO LTDA.,"",RS,8801,02,20050422,20050422,,6612603,"",51,21367575,MARCO ANTONIO CAVINATO DE LIMA | VANDERLEI MARCIANO SILVEIRA MUNIZ | JHONATA MACHADO DA SILVA,3,0,1,0,0,,"https://www.onnix.com.br :: cripto,crypto",erro: 'candidates'
INCUMBENTE,Sociedade Corretora de TVM,46403683000129,PAGINVEST CORRETORA DE TITULOS E VALORES MOBILIARIOS LTDA.,"",SP,7107,02,20220516,20220516,,6612601,L-PAGSEGURO-PARALEGAL@UOLINC.COM,11,25404877,BS HOLDING FINANCEIRA LTDA. | ROBERTO SADAMI IKEGAMI | CARLOS EDUARDO CARVALHO MAUAD | GUSTAVO BAHIA GAMA SECHIN | ENRIQUE CESAR SUAREZ FRAGATA LOPES,3,0,1,0,0,,https://pagseguro.vc :: crypto,"Não foram encontrados registros ou comunicados da PAGINVEST CORRETORA DE TITULOS E VALORES MOBILIARIOS LTDA. anunciando, lançando ou construindo algo em criptoativos, ativos virtuais, tokenização, stablecoin ou Drex no período de 2024 a 2026 nas fontes consultadas."
INCUMBENTE,Sociedade Corretora de TVM,62285390000140,QI CORRETORA DE TÍTULOS E VALORES MOBILIÁRIOS S.A.,"",SP,7107,02,20051103,19900131,,6612601,QIAJUDA@QITECH.COM.BR,11,28273500,DANIEL DOLL LEMOS | PEDRO HENRIQUE COURY MAC DOWELL | MARCELO BUOSI MARTINS | PEDRO GOUVEIA CALIL | THIAGO ISILIANI BOTT | DANILO SIMOES JORGE,3,0,1,0,0,,https://www.singulare.com.br :: cripto,erro: 'candidates'
INCUMBENTE,Sociedade Distribuidora de TVM,01638542000157,SAFRA DISTRIBUIDORA DE TÍTULOS E VALORES MOBILIÁRIOS LTDA.,SAFRA CORRETORA,SP,7107,02,20051103,19970128,,6612602,"",11,31757575,CARLOS PELA | GUILHERME MEISTER | HIROMITI MIZUSAKI | MARCIO AURELIO DE NOBREGA | MAURICIO CEARA | EVANDRO LUIZ DE ALMEIDA PEREIRA | BANCO SAFRA S A | PEDRO CARLOS ARAUJO COUTINHO | MARIO MELLO FREIRE NETO | MARCELO BALAN | RAFAEL BORDALO QUINTAS | GUILHERME GONZALEZ CRONEMBERGER PARENTE,3,0,1,0,0,,https://www.safra.com.br :: crypto,erro: 'candidates'
INCUMBENTE,Sociedade Distribuidora de TVM,48967968000118,VERT DISTRIBUIDORA DE TÍTULOS E VALORES MOBILIÁRIOS LTDA,"",SP,7107,02,20221223,20221223,,6612602,JURIDICO.OPS@VERT-CAPITAL.COM,11,99851800,VERT HOLDING DE CONTROLE S.A | ANDREA MORATA VIDEIRA | GABRIEL PEREIRA PINTO LOPES | RENATA MANHAES SIQUEIRA | ANDREIA FRANKLIN DE ALENCAR SILVEIRA,3,0,1,0,0,,https://www.vert-capital.com :: tokeniza,erro: 'candidates'
INCUMBENTE,Sociedade Corretora de TVM,92875780000131,WARREN CORRETORA DE VALORES MOBILIÁRIOS E CÂMBIO LTDA.,"",RS,8801,02,20050702,19680422,,6612601,FINANCEIRO@WARREN.COM.BR,51,32372273,WARREN BRASIL HOLDING S/A. | TITO CAPITANI GUSMAO | BRUNO DUARTE DA FONSECA | ANDRE CAPITANI GUSMAO | RODRIGO GRUNDIG MONTEIRO,3,0,1,0,0,,https://www.warren.com.br :: cripto,erro: 'candidates'
INCUMBENTE,Sociedade Distribuidora de TVM,62287735000103,WARREN RENA DISTRIBUIDORA DE TÍTULOS E VALORES MOBILIÁRIOS LTDA,RENASCENCA,SP,7107,02,20051103,19710305,,6612602,JURIDICO@WARREN.COM.BR,11,32623100,FABIO RIBEIRO DOS SANTOS | BRUNO MOTA TEIXEIRA DE GOUVEA | WARREN BRASIL HOLDING S/A. | BRUNO DUARTE DA FONSECA | DINARTE LICKS | TITO CAPITANI GUSMAO | KELLY JANCESCKI GUSMAO,3,0,1,0,0,,https://www.warren.com.br :: cripto,erro: 'candidates'
INCUMBENTE,Sociedade Distribuidora de TVM,65505918000138,XTB BRASIL DISTRIBUIDORA DE TÍTULOS E VALORES MOBILIÁRIOS LTDA.,"",SP,7107,02,20260218,20260218,,6612602,MMACHADO@LIGHTHOUSEBR.COM,11,11111111,ALINE MATEUS DE MORAES DE ALMEIDA | DARIO GRAZIATO TANURE | XTB S.A.,3,0,1,0,0,,https://www.xtb.com :: crypto,erro: 'candidates'
INCUMBENTE,Sociedade Distribuidora de TVM,76621457000185,4UM DISTRIBUIDORA DE TÍTULOS E VALORES MOBILIÁRIOS S.A.,4UM INVESTIMENTOS,PR,7535,02,20051103,19680229,,6612602,RISCOS@4UM.COM.BR,41,33519786,LEONARDO DEEKE BOGUSZEWSKI | LUCIANO COELHO DE MAGALHAES NETTO | RICARDO BENATTI CUNHA | LUIS TIAGO MICHELIN MACHADO,2,0,0,0,1,,https://www.4um.com.br,"A 4UM Investimentos, parte do grupo 4UM, apoia a Liqi, uma plataforma de tokenização de ativos que utiliza tecnologia blockchain e visa construir um mercado de capitais descentralizado (DeFi)."
INCUMBENTE,Sociedade Corretora de TVM,33775974000104,"ATIVA INVESTIMENTOS S.A. CORRETORA DE TÍTULOS, CÂMBIO E VALORES",ATIVA INVESTIMENTOS,RJ,6001,02,20051103,19721220,,6612601,CONTABILIDADE@ATIVAINVESTIMENTOS.COM.BR,21,35150200,AUGUSTO AFONSO TEIXEIRA DE FREITAS | HELENA PROCOPIO DE ARAUJO CARVALHO | ATTILIO DE SOUZA MELLO BOSELLI | SYLVIO ARAUJO FLEURY | JULIANA FIGUEIREDO DE OLIVEIRA,2,0,0,0,1,,https://www.ativainvestimentos.com.br,"A Ativa Investimentos lançou em janeiro de 2026 uma plataforma para negociação de criptoativos em parceria com o Mercado Bitcoin, oferecendo acesso aos 10 criptoativos mais negociados, incluindo stablecoins como USDT e USDC."
INCUMBENTE,Sociedade Distribuidora de TVM,18684408000195,AZIMUT BRASIL DISTRIBUIDORA DE TÍTULOS E VALORES MOBILIÁRIOS LTDA,AZIMUT BRASIL DTVM LTDA,SP,7107,02,20130814,20130814,,6612602,JURIDICO@AZIMUTWEALTH.COM.BR,11,35527676,AZBR IF HOLDING S.A. | AZ BRASILE HOLDING LTDA | MARCELO SEPULVEDA | PATRICIA BARLATI GARCIA | JUCELLI KLEIN MAZOTTI,2,0,0,0,1,,https://azimutwealth.com.br,"A Azimut, que detém licenças de DTVM (Distribuidora de Títulos e Valores Mobiliários), garante a infraestrutura regulatória para a Azify, uma infratech nascida dentro do grupo que conecta o sistema financeiro tradicional ao universo dos ativos virtuais e opera em blockchain."
INCUMBENTE,Banco Múltiplo,28195667000106,BANCO ABC BRASIL S.A.,"",SP,7107,02,20051103,19831230,,6422100,ABCBRASIL@ABCBRASIL.COM.BR,11,31702000,SERGIO LULIA JACOB | SERGIO RICARDO BOREJO | ALEXANDRE YOSHIAKI SINZATO | ANTONIO JOSE NICOLINI | DANIEL CREDIDIO BRANDAO BARBOSA DE OLIVEIRA | RODRIGO MONTEMOR | CARLOS AUGUSTO DEL MONACO DE PAULA SANTOS E SILVA | EDGARD DE SOUZA TOLEDO NETO | FELIPE SENE TAMBURUS | RODRIGO ANDREOS CORDEIRO | EVERTHON NOVAES VIEIRA | RICARDO MIGUEL DE MOURA | ADRIANA FERNANDES PERES | MARCOS CHADALAKIAN | IZABEL CRISTINA BRANCO | FREDERIC JUN HOKUMURA STOLS | RAFAEL FERREIRA GARROTE PAIVA | EDUARDO PINUS | EDUARDO SPERL | FABIO HENRIQUE LEANDRO SARTORI | GUILHERME DOS SANTOS GHILARDI | JOSE ALVES BABINSKA | LUIZ ANTONIO DE ASSUMPCAO NETO,2,0,0,0,1,,https://www.abcbrasil.com.br,"O BANCO ABC BRASIL S.A. participou da tokenização de US$ 835 milhões em ativos do mundo real (crédito estruturado e recebíveis comerciais) em infraestrutura blockchain em setembro de 2026, e é um dos participantes da segunda fase do Piloto Drex do Banco Central."
INCUMBENTE,Banco Comercial,10664513000150,BANCO AGIBANK S.A.,"",SP,6291,02,20090227,20090227,,6421200,SOCIETARIO@AGI.COM.BR,51,39211446,GLAUBER MARQUES CORREA | LUCAS ARAUJO DE AGUIAR | VINICIUS BIRKELAND ALOE | MATHEUS GIRARDI | DANIEL MONTEIRO DE FARIAS | DANIEL ANTONIO PIRES | MARCELLO WINIK DUBEUX | DANIEL KREPEL GOLDBERG | RAFAEL DE OLIVEIRA MORAIS | MARCIANO TESTA | AOD CUNHA DE MORAES JUNIOR | GABRIEL FELZENSZWALB,2,0,0,0,1,,https://www.agibank.com.br,O BANCO AGIBANK S.A. foi incluído no consórcio da Associação Brasileira de Bancos (ABBC) no projeto piloto do real digital (Drex) e aprovado pelo Comitê Executivo Gestor do Banco Central para participar dos testes da versão tokenizada da moeda brasileira. A instituição também demonstrou sua preparação para transacionar via Drex através de publicações em seu blog em julho de 2024.
INCUMBENTE,Banco Comercial,00997185000150,BANCO B3 S.A.,"",SP,7107,02,20050827,19960112,,6421200,SOCIETARIOB3@B3.COM.BR,11,25656500,EDUARDO LOPES FARIAS | VIVIANE EL BANATE BASSO | GUSTAVO PERES DE CARVALHO | ANDRE VEIGA MILANEZ,2,0,0,0,1,,https://www.b3.com.br,"A B3 planeja lançar uma plataforma de tokenização e uma stablecoin própria (B3RL) para liquidações a partir de 2026, com o objetivo de viabilizar a tokenização de ativos e operações 24 horas por dia, sete dias por semana."
INCUMBENTE,Banco Múltiplo,01858774000110,BANCO BV S.A.,"",SP,7107,02,20040828,19970521,,6422100,"",11,51851700,RONALDO MEDRADO HELPE | ROBERTO GONCALVES JABALI | ALEXANDRE LUIZ ZIMATH | ALBERTO WAGNER TEIXEIRA CAMPOS | MARCELLA RIGAMONTI URADA COIMBRA | RICARDO SANFELICE DE SOUZA | CARLOS RENATO BONETTI | GUSTAVO HENRIQUE SANTOS DE SOUSA | MARCOS EMERZIAN POLADIAN | HENRIQUE SEIJE IVAMOTTO PASSOS NOGUEIRA | JAMIL GANAN ALEY JUNIOR | ANA PAULA ANTUNES TARCIA,2,0,0,0,1,,https://www.bv.com.br,"O Banco BV estruturou seu primeiro TIDC (Token de Investimento em Direito Creditório) em parceria com a Liqi em abril de 2025, e está realizando testes para tokenizar financiamentos de veículos, alinhado com o cronograma do Drex. Além disso, o banco apoia a iniciativa do Passaporte Veicular Digital no Paraná, envolvendo a tokenização veicular, e está participando ativamente da nova fase do Drex, realizando testes com casos reais de uso e buscando soluções financeiras baseadas em ativos digitais."
INCUMBENTE,Banco Múltiplo Cooperativo,01181521000155,BANCO COOPERATIVO SICREDI S.A.,BANCO COOPERATIVO SICREDI,RS,8801,02,20050115,19960506,,6424701,DIRETORIA_BANCO@SICREDI.COM.BR,51,33584700,RICARDO GREEN SOMMER | CESAR GIODA BOCHI | GUSTAVO DE CASTRO FREITAS | FERNANDO DALL AGNESE | CELSO RONALDO RAGUZZONI FIGUEIRA | MANFRED ALFONSO DASENBROCK | JOAO CARLOS SPENTHOF | WILSON RIBEIRO DE MORAES FILHO | JAIME BASSO | JOAO BEZERRA JUNIOR | CORNELIS JOHANNES BEIJER | MARCIO PORT | ANDIARA PEDROSO PETTERLE | ALEXANDRE ENGLERT BARBOSA | MARCUS VINICIUS FRANCA BARBOZA | SIDNEI STREJEVITCH | ANTONIO GERALDO WROBEL | ZEIR ASCARI | THIAGO DOS SANTOS ROSSONI,2,0,0,0,1,,https://www.sicredi.com.br,"O Sicredi foi uma das primeiras instituições financeiras escolhidas pelo Banco Central para participar dos testes do Drex, oferece o fundo Hashdex 40 Nasdaq Crypto FIC FIM que investe em criptoativos, e firmou um acordo para testar a tokenização no crédito imobiliário, com testes previstos para março de 2027."
INCUMBENTE,Banco de Investimento,33987793000133,BANCO DE INVESTIMENTOS UBS (BRASIL) S.A.,"",SP,7107,02,20051103,19691007,,6432800,OL-TAX-BR@UBS.COM,11,32546499,MARCELO AUGUSTO RAMOS | MILENA WEISS ALOISI | MARCELLO ANTONIO CHILOV LUZETTI | ALINE DE MENEZES SANTOS | CAMILA ANGELI RIBEIRO | DANIEL BASSAN | BERNARDO DE AZEVEDO SILVA ROTHE | BETINA MACHADO FERRAZ | DIOGO VINICIUS DE MORAIS LIMA,2,0,0,0,1,,https://www.ubs.com,"O UBS, como parte de um grupo de 21 instituições financeiras internacionais, anunciou em setembro de 2026 um acordo para criar uma empresa para apoiar a emissão de novas soluções em stablecoins."
INCUMBENTE,Banco Múltiplo,45246410000155,BANCO GENIAL S.A.,"",RJ,6001,02,20051103,19810113,,6422100,ASSUNTOS.GERAIS@GENIAL.COM.VC,21,39233000,RODOLFO RIECHERT | ANDRE SCHWARTZ | BERNARDO NOLASCO ROCHA | ALDEIR SALVADORI | ALEXANDRE MOREIRA CONDE | RODRIGO DE GODOY | CINTIA SANT ANA DE OLIVEIRA | LUIS JOSE REBELLO DE RESENDE | MARIANA CORRELO JOBIM MALLET | FLAVIA BARREIROS ROSALEM VICENTE | THENILLE CUPERTINO MOREIRA | ANA CLARA MONTEIRO RODRIGUES | FABIO RODRIGO REIS OLIVEIRA | BERNARDO MARQUES DUARTE,2,0,0,0,1,,"","A Genial Investimentos, parte do Banco Genial S.A., anunciou em setembro de 2025 que passaria a oferecer a negociação e investimento em criptoativos como Bitcoin, Ethereum, e stablecoins como Tether e USD Coin em sua plataforma. Além disso, em março de 2026, o Banco Genial tornou-se o primeiro no Brasil a utilizar o Ripple Payments, que integra stablecoins, moeda fiduciária e contas virtuais. A instituição também participa do piloto do Drex (Real Digital), tendo realizado transferências de Real Digital, Real Tokenizado e títulos públicos em um consórcio com outras empresas."
INCUMBENTE,Banco Múltiplo,07679404000100,BANCO TOPÁZIO S.A.,BANCO TOPAZIO,RS,8801,02,20051110,20051110,,6422100,CONTABILIDADE@BANCOTOPAZIO.COM.BR,51,32277704,HAROLDO PIMENTEL STUMPF | ALISSON FORGIARINI FERREIRA | ADEMIR JULIO SCHENATTO | ALPHONSE GUILHERME VOIGT | WAGNER ALEXIS RUIZ | LUIZ ANTONIO ALVES | LETICIA CORREA DA SILVA | RICARDO ERNESTO CORREA DA SILVA | FREDERICO HUBERT JAEGER,2,0,0,0,1,,https://www.bancotopazio.com.br,"O Banco Central do Brasil proibiu o BANCO TOPÁZIO S.A. de realizar operações de câmbio para negociações de ativos virtuais (criptoativos) no mercado de balcão por dois anos, a partir de maio de 2026, após identificar falhas graves de controle, risco e compliance em suas operações com criptoativos."
INCUMBENTE,Banco Múltiplo,59588111000103,BANCO VOTORANTIM S.A.,"",SP,7107,02,20051103,19880930,,6422100,INTIMACOESOFICIAIS@BV.COM.BR,11,51712672,ANTONIO MAURICIO MAURANO | PAULO ROGERIO CAFFARELLI | JAIRO SAMPAIO SADDI | ANA PAULA ANTUNES TARCIA | ROGERIO MONORI | RONALDO MEDRADO HELPE | ROBERTO GONCALVES JABALI | ALEXANDRE LUIZ ZIMATH | JOAO HENRIQUE BATISTA DE SOUZA SCHMIDT | ALBERTO WAGNER TEIXEIRA CAMPOS | MARCELLA RIGAMONTI URADA COIMBRA | MAURO RIBEIRO NETO | CARLOS RENATO BONETTI | WALTER BATLOUNI JUNIOR | FELIPE GUIMARAES GEISSLER PRINCE | TARCIANA PAULA GOMES MEDEIROS | FRANCISCO AUGUSTO LASSALVIA | ODILON PINHEIRO DE ALMEIDA JUNIOR | GUSTAVO HENRIQUE SANTOS DE SOUSA | MARCOS EMERZIAN POLADIAN | HENRIQUE SEIJE IVAMOTTO PASSOS NOGUEIRA | JAMIL GANAN ALEY JUNIOR | MARCOS OLIVEIRA GARCIA | HENRIQUE SCHMALZ FRANCO,2,0,0,0,1,,https://www.bv.com.br,"O Banco BV lançou seu primeiro token RWA (Real World Asset) atrelado a FIDC em parceria com a Liqi em abril de 2025, está testando a tokenização de financiamento de veículos e é um dos pioneiros na fase de testes do Drex, realizando operações básicas experimentais de transferência de ativos financeiros tokenizados."
INCUMBENTE,Banco Comercial,13720915000113,BANCO WESTERN UNION DO BRASIL S.A.,"",SP,7107,02,20110519,20110519,,6421200,ATENDIMENTOAOCLIENTE@WESTERNUNION.COM,11,35729156,MARIA CELIA SEIXAS | PRISCILA DA SILVA NOGUEIRA,2,0,0,0,1,,https://www.bancowesternunion.com.br,"A Western Union, empresa global da qual o Banco Western Union do Brasil S.A. faz parte, anunciou e lançou sua própria stablecoin lastreada em dólar, a USDPT, na blockchain Solana, com a oferta a clientes prevista para 2026."
INCUMBENTE,Sociedade Corretora de TVM,93026847000126,BANRISUL S/A - CORRETORA DE VALORES MOBILIARIOS E CAMBIO,"",RS,8801,02,20030524,19710726,,6612601,BANRISUL_CORRETORA@BANRISUL.COM.BR,51,32151062,NILVO REINOLDO FRIES | CARMEM PALUDO | ROBERTO BALESTRIN | DIANA PAULA SANA | ODETE TERESINHA BRESCIANI | ANDRE MILANEZI DE JESUS | LOURENSO PRESOTTO | MARCUS VINICIUS FEIJO STAFFEN | MARCELO AVILA MACHADO | MAURICIO MELLO PALUDO | ERNO LUIZ FLECK,2,0,0,0,1,,https://www.banrisulcorretora.com.br,"O Banrisul é uma das instituições participantes da segunda fase de testes do Drex, a moeda digital brasileira, e em parceria com o Serpro, lançou uma rede blockchain para o projeto. Além disso, o Banrisul integra um consórcio no projeto-piloto de tokenização da Anbima, com foco em debêntures e fundos de investimento, com testes previstos para durar cerca de seis meses em 2026."
INCUMBENTE,Sociedade Corretora de TVM,61855045000132,BRADESCO S.A. CORRETORA DE TITULOS E VALORES MOBILIARIOS,EST UNIF,SP,7107,02,20051103,19671211,,6612601,"",11,36845122,RUI MIGUEL ALEIXO MARQUES | NILTON PEREIRA DOS SANTOS JUNIOR | DANIELA FASOLARI HADJI THOMAS,2,0,0,0,1,,https://www.bradesco.com.br,"O Bradesco lançou uma plataforma de custódia institucional para ativos digitais, incluindo criptomoedas, stablecoins e ativos tokenizados em agosto de 2026, e participa ativamente do projeto-piloto do Drex em 2024 e 2026."
INCUMBENTE,Sociedade Corretora de Câmbio,58229246000110,BRADESCO-KIRTON CORRETORA DE CÂMBIO S.A.,"",SP,7107,02,20051103,19680816,,6612603,"",11,36845122,ROBERTO DE JESUS PARIS | VINICIUS PANARO | MARCOS DANIEL BOLL | ANTONIO CAMPANHA JUNIOR | DANILO LUIS DAMASCENO | MARINA GRAVINA VEASEY | PATRICIA KESSLER DE ASSUMPCAO | CLAYTON NEVES XAVIER | CRISTIANO ADJUTO E CAMPOS | MARCOS ALEXANDRE PINA CAVAGNOLI | CRISTIANO GOMES DE MOURA,2,0,0,0,1,,https://www.bradesco.com.br,"O Bradesco, grupo do qual a Bradesco-Kirton Corretora de Câmbio S.A. faz parte, anunciou em maio de 2026 que está se preparando para atuar no mercado de custódia de ativos digitais, incluindo criptomoedas e stablecoins, e já testou o uso de stablecoins para transações de comércio exterior."
INCUMBENTE,Sociedade Corretora de TVM,43815158000122,BTG PACTUAL CORRETORA DE TÍTULOS E VALORES MOBILIÁRIOS S.A.,EST UNIF,SP,7107,02,20051103,19730619,,6612601,OL-CARTAOCNPJ@BTGPACTUAL.COM,11,33832000,RICARDO CHAMMA LUTFALLA | GUILHERME LOOS MARTINS | RODRIGO DOS SANTOS GOES | FERNANDA JORGE STALLONE PALMEIRO | PAULO ROGERIO DO NASCIMENTO CARDOSO | PAULA PLACIDO VERGAMINI,2,0,0,0,1,,https://www.btgpactual.com,"O BTG Pactual está ativamente envolvido com criptoativos e tokenização, incluindo a participação no projeto Drex do Banco Central e a integração de sua plataforma de criptomoedas Mynt ao ecossistema do banco em setembro de 2026."
INCUMBENTE,Caixa Econômica Federal,00360305000104,CAIXA ECONOMICA FEDERAL,CEF MATRIZ,DF,9701,02,20051103,19710203,,6423900,"",00,40040104,MARCOS BRASILIANO ROSA | LUIZ FELIPE FIGUEIREDO DE ANDRADE | TIAGO CORDEIRO DE OLIVEIRA | SAULO FARHAT PAIVA | MATHEUS NEVES SINIBALDI | CRISTINA MARIA DA SILVA PERES | LUCIANE DA LUZ LOMPA | SUELY PATRAO BURIHAM | HENRIETE ALEXANDRA SARTORI BERNABE | INES DA SILVA MAGALHAES | SERGIO HENRIQUE OLIVEIRA BINI | JULIANA GRIGOL FONSECHI | MARCONI NOGUEIRA PLACIDO DOS SANTOS | RICARDO TROES | JEAN RODRIGUES BENEVIDES | JOAO PAULO VARGAS DA SILVEIRA | RODRIGO HIDEKI HORI TAKAHASHI | CARLOS ANTONIO VIEIRA FERNANDES | JARDEL LUIS CARPES | JAIME DANIEL DA SILVA | ADRIANO ASSIS MATIAS | CRISTIANO BOAVENTURA DE MEDEIROS | RENAN CORREIA MARTINO | LUIZ FRANCISCO MONTEIRO DE BARROS NETO | ADRIANE VELLOSO FERREIRA | ANDERSON AORIVAN DA CUNHA POSSA | ROBERTO CARLOS CERATTO | GLAUCO BRAGA DIAS | GERSON BORDIGNON | CARLOS AUGUSTO DE ANDRADE JENIER | LUCIOLA AOR VASCONCELOS | CINTIA LIMA GONCALVES TEIXEIRA | JOSE MARCOS DE CARVALHO ARAUJO | LUCIO CAMILO OLIVA PEREIRA | DARLAN COSTA DA SILVA LINS | GUILHERME GUIMARAES MENDES | CIRO MENEZES BARREIROS | PAULO CESAR LEOPOLDINO PALACIOS SEABRA | ALEXANDRE GONCALVES DE AMORIM,2,0,0,0,1,,https://www.caixa.gov.br,"A Caixa Econômica Federal lançou seu primeiro fundo de investimento em criptoativos em outubro de 2025, é participante do projeto piloto do Drex, a moeda digital brasileira, tendo realizado testes de pagamentos offline em junho de 2024 e sendo listada como instituição participante em 2026. Além disso, em setembro de 2026, firmou um acordo para tokenizar crédito imobiliário através de uma infraestrutura blockchain e em agosto de 2026, abriu licitação para uma plataforma blockchain de 'Ativos de Sustentabilidade'. Em 2025, investiu R$ 1,3 milhão em um laboratório de blockchain com foco em experimentação tecnológica e desenvolvimento de soluções para o setor público."
INCUMBENTE,Sociedade Corretora de Câmbio,04913129000141,CONFIDENCE SOCIEDADE CORRETORA DE CAMBIO S.A.,"",SP,7107,02,20050827,20011226,,6612603,INFORMATIVOSCNPJ@CONFIDENCECAMBIO.COM.BR,11,37288491,ANA CRISTINA RAMOS TENA | CHRISTIAN REINHARD THEODOR STIER | JORGE GUSTAVO ARBEX | CARLOS ROGERIO GANIKO | MARCOS ARCHINA WEIGT | DANILA SOTERRONI RODRIGUES | LUIS EDUARDO DOS SANTOS,2,0,0,0,1,,https://www.confidencecambio.com.br,"A Travelex Confidence, que inclui a Confidence Sociedade Corretora de Câmbio S.A., publicou em maio de 2024 um artigo destacando o crescimento da importação de criptoativos no Brasil em 2024, indicando seu envolvimento na facilitação dessas operações de câmbio que, segundo o Banco Central, equivalem à importação de um bem."
INCUMBENTE,Sociedade Corretora de TVM,27652684000162,GENIAL INVESTIMENTOS CORRETORA DE VALORES MOBILIÁRIOS S.A.,"",RJ,6001,02,20050514,19811027,,6612601,ASSUNTOS.GERAIS@GENIAL.COM.VC,21,39233000,ANA CLARA MONTEIRO RODRIGUES | LUIS JOSE REBELLO DE RESENDE | LUIS FELIPE LIMA COSTA | MARIANA CORRELO JOBIM MALLET | ALEXANDRE THIEDE DONINI | CINTIA SANT ANA DE OLIVEIRA | ALDEIR SALVADORI | RODOLFO RIECHERT | ANDRE SCHWARTZ | MARCIO SOARES SIQUEIRA | FLAVIA BARREIROS ROSALEM VICENTE | RODRIGO HILTZ MARQUES | RODRIGO DE GODOY | THENILLE CUPERTINO MOREIRA | IGHOR FELIPE DE ALMEIDA JACINTHO | ALEXANDRE MOREIRA CONDE | BERNARDO NOLASCO ROCHA,2,0,0,0,1,,"","A Genial Investimentos anunciou em setembro de 2025 a oferta de negociação e investimento em criptoativos, incluindo stablecoins como Tether e USD Coin, e participa do piloto do Drex, com previsão de lançamento oficial entre o final de 2024 e início de 2025."
INCUMBENTE,Sociedade Corretora de TVM,09105360000122,ICAP DO BRASIL CORRETORA DE TÍTULOS E VALORES MOBILIÁRIOS LTDA.,"",RJ,6001,02,20070924,20070924,,6612601,PEDRO.FERNANDES@BR.ICAP.COM,21,39564267,PEDRO JOSE DE MESQUITA FERNANDES | EDUARDO NOGUEIRA DA ROCHA AZEVEDO | TULLETT PREBON HOLDINGS DO BRASIL LTDA.,2,0,0,0,1,,"","A corretora MyCAP, que faz parte do grupo TP ICAP, oferece a possibilidade de investir em fundos de investimento que incluem criptomoedas através do seu aplicativo MyCAP Power Broker, atualizado em abril de 2025."
INCUMBENTE,Sociedade Corretora de TVM,50489148000100,MONTE BRAVO CORRETORA DE TÍTULOS E VALORES MOBILIÁRIOS S.A.,"",SP,7107,02,20230428,20230428,,6612601,NFE@MONTEBRAVO.COM.BR,11,30180960,PIER LUIZ DE RESENDE MATTEI | FILIPE HENRIQUES PORTELLA | LUIZ DE LIMA GIACOMINI | CAIO BELTRAO RIZK,2,0,0,0,1,,https://www.montebravo.com.br,"Em 7 de dezembro de 2025, a Monte Bravo informa que a consulta de um ""Token Monte Bravo"" ativo é feita exclusivamente pelo aplicativo da instituição."
INCUMBENTE,Sociedade Distribuidora de TVM,36113876000191,OLIVEIRA TRUST DISTRIBUIDORA DE TÍTULOS E VALORES MOBILIARIOS S.A.,"",RJ,6001,02,20040417,19900417,,6612602,OT@OLIVEIRATRUST.COM.BR,21,35140000,JOSE ALEXANDRE COSTA DE FREITAS | ALEXANDRE LODI DE OLIVEIRA | CARLOS HENRIQUE CORREA SISMIL | ANTONIO AMARO RIBEIRO DE OLIVEIRA E SILVA | RAPHAEL MAGALHAES MORGADO,2,0,0,0,1,,https://www.oliveiratrust.com.br,"A Oliveira Trust tem se envolvido ativamente na tokenização de ativos, integrando a tecnologia blockchain em seus processos de escrituração de ativos desde janeiro de 2024 e investindo em startups de tokenização como a Liqi."
INCUMBENTE,Sociedade Distribuidora de TVM,72600026000181,RIO BRAVO INVESTIMENTOS - DISTRIBUIDORA DE TÍTULOS E VALORES MOBILIÁRIOS LTDA.,"",SP,7107,02,20031018,19940706,,6612602,JURIDICO@RIOBRAVO.COM.BR,11,35096600,PAULO ANDRE PORTO BILYK | GUSTAVO HENRIQUE DE BARROSO FRANCO | VANESSA ZAMPOLO FALEIROS | EVANDRO GAMBRA BUCCINI | RIO BRAVO FINANCIAL PARTICIPACOES S.A. | FOSUN INVESTIMENTOS (BRASIL) LTDA,2,0,0,0,1,,https://www.riobravo.com.br,"A Rio Bravo Investimentos lançou o POUPÁ, um produto tokenizado para carteiras diversificadas em abril de 2025, e uma plataforma inovadora de tokenização para carteiras administradas em parceria com a BlockBR em abril de 2025."
INCUMBENTE,Sociedade Corretora de TVM,42066258000130,RJI CORRETORA DE TITULOS E VALORES MOBILIARIOS LTDA,"",RJ,6001,02,20051103,19921203,,6612601,FINANCEIRO@RJICV.COM.BR,21,35004529,JOSE AIRTON DOS SANTOS | MAURO CESAR MEDEIROS DE MELLO | ENIO CARVALHO RODRIGUES | MARCOS MAZZAROPPI DE CAMPOS ROSA,2,0,0,0,1,,https://www.rjicv.com.br,"A RJI Corretora de Títulos e Valores Mobiliários Ltda. atua como custodiante e controladora do FUNDO DE INVESTIMENTO FINANCEIRO AETHER TRADING DIGITAL, que iniciou suas atividades em 11 de dezembro de 2024 e cuja carteira, em abril de 2026, declarava posições em ativos como USDCR$ 169,5 milhões, indicando envolvimento com criptoativos/ativos virtuais."
INCUMBENTE,Sociedade Distribuidora de TVM,62090873000190,STONEX DISTRIBUIDORA DE TÍTULOS E VALORES MOBILIÁRIOS LTDA.,STONEX DTVM,SP,7107,02,20050827,19680517,,6612602,FINANCEIRO@STONEX.COM,11,32277532,STONEX PARTICIPACOES LTDA. | STONEX CONSULTORIA EM FUTUROS E COMMODITIES LTDA. | JOANA SMITH DE VASCONCELLOS | MARCEL SERRA SANTOS | SERGIO RAMOS LENHARO | GLAUCO PUCCINELLI MONTE | FERNANDO GHIDETTI MAZZANTI,2,0,0,0,1,,https://www.stonex.com,"A StoneX Digital, uma divisão do grupo global StoneX ao qual a StoneX DTVM pertence, obteve uma licença de Provedor de Serviços de Ativos Criptográficos (CASP) na União Europeia em janeiro de 2026, oferecendo execução e custódia de ativos digitais para clientes institucionais. Além disso, a StoneX oferece futuros de criptomoedas e swaps, e seus clientes no Brasil podem ter acesso a produtos e serviços oferecidos por outras entidades do grupo StoneX em jurisdições estrangeiras."
INCUMBENTE,Sociedade Distribuidora de TVM,03751794000113,TERRA INVESTIMENTOS DISTRIBUIDORA DE TÍTULOS E VALORES MOBILIÁRIOS LTDA.,"",SP,7107,02,20050827,20000413,,6612602,FINANCEIRO@TERRAINVESTIMENTOS.COM.BR,11,31656000,TIAGO AUGUSTO DAGUER EL HAOULI | APARECIDO DE SOUSA LIMA | LUIZ ALVARO DE PAIVA FERREIRA | JOSE RICARDO PINHEIRO | PATRICIA NOMURA | GERALDO ALVES SIMOES JUNIOR | TERRA HOLDING FINANCEIRA LTDA | ANDRE CUNHA DE SOUZA,2,0,0,0,1,,https://www.terrainvestimentos.com.br,"A Terra Investimentos oferece suporte e acesso para investir em criptoativos na B3, incluindo ETFs de criptoativos e futuros de Bitcoin, Ethereum e Solana."
INCUMBENTE,Sociedade Distribuidora de TVM,22610500000188,VORTX DISTRIBUIDORA DE TITULOS E VALORES MOBILIARIOS LTDA.,"",SP,7107,02,20150609,20150609,,6612602,RELACIONAMENTO@VORTX.COM.BR,11,30307111,JULIANO CORNACCHIA | VX HOLDING FINANCEIRA S.A. | CAROLINA OTTOBONI TELLES SANTIAGO | ANA EUGENIA DE JESUS SOUZA | CAROLINE TSUCHIYA SILVA | OSNEI JOSE MONGRUEL GOMES | EVERSON GONCALVES RAMOS | LILIAN PALACIOS MENDONCA CERQUEIRA | RICARDO FUSCALDI DE FIGUEIREDO BAPTISTA | RENATO TYSZLER | ALCIDES FUERTES JUNIOR | DIOGO PINHEIRO DE ARAUJO | ADELMO FERREIRA DE LIMA FILHO,2,0,0,0,1,,https://www.vortx.com.br,"A Vórtx Distribuidora de Títulos e Valores Mobiliários Ltda. atuou em um projeto de tokenização com a Vórtx QR Tokenizadora S.A. no Sandbox Regulatório da CVM para emissão, registro e negociação de valores mobiliários digitais, embora este projeto esteja sendo descontinuado a partir de março de 2024."
INCUMBENTE,Sociedade Distribuidora de TVM,15227994000150,VX PAVARINI DISTRIBUIDORA DE TÍTULOS E VALORES MOBILIÁRIOS LTDA,"",SP,7107,02,20031011,19710716,,6612602,LEGALTEAM@VORTX.COM.BR,11,99999999,CARLOS ALBERTO BACHA | JULIANO CORNACCHIA | ANA EUGENIA DE JESUS SOUZA | CAROLINA OTTOBONI TELLES SANTIAGO | CAROLINE TSUCHIYA SILVA | OSNEI JOSE MONGRUEL GOMES | VX HOLDING FINANCEIRA S.A. | EVERSON GONCALVES RAMOS | LILIAN PALACIOS MENDONCA CERQUEIRA | RICARDO FUSCALDI DE FIGUEIREDO BAPTISTA | RENATO TYSZLER | ALCIDES FUERTES JUNIOR | DIOGO PINHEIRO DE ARAUJO | ADELMO FERREIRA DE LIMA FILHO,2,0,0,0,1,,https://www.vortx.com.br,"A VX PAVARINI DISTRIBUIDORA DE TÍTULOS E VALORES MOBILIÁRIOS LTDA é parte do Grupo Vórtx, que inclui a Vórtx QR Tokenizadora, responsável por um mercado de balcão organizado regulado para negociação de valores mobiliários digitais no Brasil e que participou do Sandbox Regulatório da CVM para a emissão, registro e negociação de valores mobiliários digitais, conforme ""Fato Relevante"" datado de 6 de março de 2024 que anuncia a descontinuação dessas operações no âmbito do Sandbox Regulatório."
INCUMBENTE,Sociedade Distribuidora de TVM,05389174000101,XP SERVIÇOS FINANCEIROS DTVM LTDA,"",RJ,6001,02,20021018,20021018,,6612602,INFOJUR@MODAL.COM.BR,21,32237700,CRISTIANO MARON AYRES | LEONARDO ANTONIO CARDOSO | FABRICIO CUNHA DE ALMEIDA | THIAGO SIMOES MAFFRA | GUILHERME SANTANNA MONTEIRO DA SILVA | LIZANDRO SOMMER ARNONI | GUSTAVO PIMENTEL BARBOZA PIRES | BANCO XP S.A,2,0,0,0,1,,https://xp.inc,"A Clear, corretora da XP, anunciou o lançamento de uma stablecoin de dólar, a USDXP, em março de 2026, com a governança e custódia do produto a cargo do grupo XP."
INCUMBENTE,Sociedade Distribuidora de TVM,28156057000101,BANESTES DISTRIBUIDORA DE TITULOS E VALORES MOBILIARIOS S/A,BANESTES ASSET MANAGEMENT,ES,5705,02,20051103,19690220,,6612602,SECRE@BANESTES.COM.BR,27,33831588,MARCOS AMARAL VARGAS | FABIO ROBERTO DE OLIVEIRA | TASSO DE MACEDO LUGON,1,0,0,1,0,,https://www.banestes.com.br,erro: 'candidates'
INCUMBENTE,Sociedade Distribuidora de TVM,30822936000169,BB GESTÃO DE RECURSOS - DISTRIBUIDORA DE TÍTULOS E VALORES MOBILIÁRIOS S.A.,BB ASSET MANAGEMENT,RJ,6001,02,20051103,19860604,,6612602,BBDTVM@BB.COM.BR,21,38087500,MARCELO MARQUES PACHECO | GUSTAVO PACHECO LUSTOSA | BRUNO MONTEIRO MARTINS | FABRICIO CASALI REIS,1,0,0,1,0,,https://www.bb.com.br,erro: 'candidates'
INCUMBENTE,Sociedade Distribuidora de TVM,29650082000100,BTG PACTUAL ASSET MANAGEMENT S.A. DISTRIBUIDORA DE TÍTULOS E VALORES MOBILIÁRIOS,"",RJ,6001,02,20051103,19850925,,6612602,OL-CARTAOCNPJ@BTGPACTUAL.COM,21,32629600,BRUNO DUQUE HORTA NOGUEIRA | MARIANA BOTELHO RAMALHO CARDOSO | ANDRE FERNANDES LOPES DIAS | IURI RAPOPORT | JULIO DE SIQUEIRA CARVALHO DE ARAUJO FILHO | RENATO HERMANN COHN | CHRISTIAN FLEMMING | RUBENS LUIZ DOS SANTOS HENRIQUES,1,0,0,1,0,,https://www.btgpactual.com,erro: 'candidates'
INCUMBENTE,Sociedade Distribuidora de TVM,33817677000176,ABC BRASIL DISTRIBUIDORA DE TÍTULOS E VALORES MOBILIÁRIOS S.A.,"",SP,7107,02,20051103,19700519,,6612602,ABCBRASIL@ABCBRASIL.COM.BR,11,31702172,SERGIO LULIA JACOB | SERGIO RICARDO BOREJO | ANTONIO JOSE NICOLINI | CESAR VALDEZ MINDOF | RICARDO GENTILE ROCHA | BRUNO RAPHAEL MIGUEL DA SILVA | GUILHERME GOMES CARDIM DE GIL | FELIPE SENE TAMBURUS | FREDERIC JUN HOKUMURA STOLS | MARCOS CHADALAKIAN | MAURO FRANCISCO DE ANDRADE FILHO,0,0,0,0,0,,https://www.abcbrasil.com.br,erro: 'candidates'
INCUMBENTE,Sociedade Corretora de TVM,44527444000155,ABN AMRO CLEARING CORRETORA DE TÍTULOS E VALORES MOBILIÁRIOS LTDA.,"",SP,7107,02,20211208,20211208,,6612601,SILVIO.LOMNITZER@ABNAMROCLEARING.COM,11,30737400,SILVIO LUIS LOMNITZER | WASHINGTON CLAUDIO DA SILVA | BANCO ABN AMRO CLEARING S.A. | ALESSANDRA PETRA HAZL DAMBOCK,0,0,0,0,0,,https://www.abnamro.com,erro: 'candidates'
INCUMBENTE,Sociedade Corretora de Câmbio,00250699000148,AGK CORRETORA DE CAMBIO S.A.,"",SP,7107,02,20050521,19941017,,6612603,FINANCEIRO@AGKCORRETORA.COM.BR,11,31237165,IVAN CARLOS ANDRADE | ORLANDO RAMOS | JONATHAN WILLIANS GONZALEZ RAMOS | JULIANA MEIRELLES ANDRADE,0,0,0,0,0,,https://www.agkcorretora.com.br,erro: 'candidates'
INCUMBENTE,Sociedade Corretora de TVM,17312661000155,AMARIL FRANKLIN CORRETORA DE TÍTULOS E VALORES LTDA,"",MG,4123,02,20051103,19680112,,6612601,CONTABILIDADE@AMARILFRANKLIN.COM.BR,31,32358100,AMARIL FRANKLIN | AFRANIO MOURAO FRANKLIN | LEONARDO AUGUSTO MEIRELLES FRANKLIN | MARIA ALICE MEIRELLES FRANKLIN | LUCIANA MEIRELLES FRANKLIN | MANOELA AMALIA FONSECA LOUREIRO | NOE DE SOUZA SANTANA | FERNANDO HORTA FRANKLIN,0,0,0,0,0,,https://www.amarilfranklin.com.br,"Não foi encontrada evidência de que a 'AMARIL FRANKLIN CORRETORA DE TÍTULOS E VALORES LTDA' tenha anunciado, lançado ou esteja construindo algo em criptoativos, ativos virtuais, tokenização, stablecoin ou Drex no período de 2024 a 2026. A corretora foi adquirida pela Warren Investimentos em janeiro de 2025."
INCUMBENTE,Sociedade Distribuidora de TVM,67600379000141,ANDBANK DISTRIBUIDORA DE TÍTULOS E VALORES MOBILIÁRIOS LTDA.,ANDBANK DTVM,SP,7107,02,20051103,19920219,,6612602,despachante@terra.com.br,11,35290419,JOSE CARLOS JACINTHO DE CAMPOS JUNIOR | LUIS FRANCISCO JIMENEZ ARAGON | RODOLFO TADEU POUSA | ANDBANK HOLDING LTDA,0,0,0,0,0,,"",erro: 'candidates'
INCUMBENTE,Sociedade Corretora de Câmbio,04684647000130,"ARC CORRETORA DE CAMBIO, ASSOCIADOS GOUVEIA, CAMPEDELLI S.A.","",SP,7071,02,20010716,20010716,,6612603,ARC@ARCCORRETORA.COM.BR,13,37977300,MAURICIO SINIGOI CAMPOS | ALEXANDRE CASTANHEIRA SANTOS | DEMETRIO ROCHA VIEIRA,0,0,0,0,0,,https://www.arccorretora.com.br,erro: 'candidates'
INCUMBENTE,Banco de Investimento,61384004000105,AVENUE SECURITIES BANCO DE INVESTIMENTO S.A.,AVENUE INVESTMENT BANK AVENUE BANK,SP,7107,02,20051103,19890830,,6432800,TREASURY@AVENUE.US,11,30354141,CARLOS EDUARDO ANDREONI AMBROSIO | HSU SHAO CHUN | HENRY SERGIO MACHERT DA CONCEICAO | FABIANA ROSA PILEGGI | EMMANUIL GAMBINI INGLESIS,0,0,0,0,0,,https://dtvm.avenue.us,erro: 'candidates'
INCUMBENTE,Sociedade Corretora de Câmbio,25280945000135,AVS SOCIEDADE CORRETORA DE CÂMBIO LTDA.,AVS CORRETORA DE CAMBIO,PR,7535,02,20160712,20160712,,6612603,"",41,32232828,VALERIA WYSOCKI IBRAHIM | SAMIA AMIED IBRAHIM | SAMIR AMIED IBRAHIM | VIVIANE AMIED IBRAHIM,0,0,0,0,0,,https://www.avscambio.com.br,"Não foram encontradas evidências de que a 'AVS SOCIEDADE CORRETORA DE CÂMBIO LTDA.' tenha anunciado, lançado ou esteja construindo algo em criptoativos, ativos virtuais, tokenização, stablecoin ou Drex no período de 2024 a 2026."
INCUMBENTE,Sociedade Distribuidora de TVM,40434681000110,AZUMI DISTRIBUIDORA DE TÍTULOS E VALORES MOBILIÁRIOS LTDA.,"",SP,7107,02,20210118,20210118,,6612602,FABIO.FREITAS@ASSETBANK.COM.BR,11,99999999,ELI FRANCOSO TASSIM | EDGAR SANTOS RIBEIRO DE ARAUJO | AZUMI PARTICIPACOES LTDA | VITOR PEREDO MOSCATELLI | SAUL BARROSO,0,0,0,0,0,,https://www.azumidtvm.com.br,erro: 'candidates'
INCUMBENTE,Banco Múltiplo,03532415000102,BANCO ABN AMRO CLEARING S.A.,"",SP,7107,02,20051103,19991129,,6422100,WASHINGTON.SILVA@ABNAMROCLEARING.COM,11,30737400,SILVIO LUIS LOMNITZER | WASHINGTON CLAUDIO DA SILVA | ALESSANDRA PETRA HAZL DAMBOCK,0,0,0,0,0,,https://www.abnamro.com,erro: 'candidates'
INCUMBENTE,Banco Múltiplo,48795256000169,BANCO ANDBANK (BRASIL) S.A.,ANDBANK,SP,7107,02,20051103,19770810,,6421200,FISCAL@ANDBANK.COM.BR,11,30957070,JOSE CARLOS JACINTHO DE CAMPOS JUNIOR | LUIS FRANCISCO JIMENEZ ARAGON | RODOLFO TADEU POUSA,0,0,0,0,0,,"",erro: 'candidates'
INCUMBENTE,Banco Comercial,54403563000150,BANCO ARBI S.A.,"",RJ,6001,02,20051103,19691029,,6421200,MARCELO.PIMENTA@BANCOARBI.COM.BR,21,25291887,LEO EDUARDO DA COSTA HIME | VERONICA BEZERRA TAVARES | SANDRO TAVEIRA FULCHI | BERNARDO SIMOES BIRMANN,0,0,0,0,0,,"",erro: 'candidates'
INCUMBENTE,Banco Múltiplo,10866788000177,BANCO BANDEPE S.A.,BANDEPE,SP,7107,02,20210527,19661201,,6422100,CADASTRO.SANTANDER@TARGETLAW.COM.BR,11,40043535,REGINALDO ANTONIO RIBEIRO | CARLOS AGUIAR NETO | EDE ILSON VIANI | VANESSA ALESSI MANZI | RAFAEL ABUJAMRA KAPPAZ | PAULO SERGIO DUAILIBI | CARLOS DIAZ ALVAREZ | GILBERTO DUARTE DE ABREU FILHO | GUSTAVO DE SOUSA SANTOS,0,0,0,0,0,,https://www.santander.com.br,"Não foram encontradas evidências de que o 'BANCO BANDEPE S.A.' tenha anunciado, lançado ou esteja construindo algo em criptoativos, ativos virtuais, tokenização, stablecoin ou Drex no período de 2024 a 2026."
INCUMBENTE,Banco Múltiplo,00556603000174,BANCO BARI DE INVESTIMENTOS E FINANCIAMENTOS S.A.,"",PR,7535,02,20051103,19950407,,6422100,CONTABILIDADE@BANCOBARI.COM.BR,41,30177811,RODRIGO OLIVEIRA DE ARAUJO PINHEIRO | IVO LUIZ ROVEDA | ENIO FORNEA JUNIOR | FELIX ARCHANJO BORDIN | ANTONIO BORDIN NETO | MATEUS VARGAS FOGACA | EVALDO LEANDRO PERUSSOLO | GUSTAVO DIAZ CACIATORI,0,0,0,0,0,,https://www.bancobari.com.br,"As notícias e informações do Banco Bari de 2024 a 2026 focam em crédito estruturado, empréstimos com garantia de imóvel (Home Equity), empréstimo consignado, investimentos em renda fixa tradicional (CDB, LCI, LF, CRI) e securitização de créditos imobiliários, sem menção a projetos ou anúncios específicos relacionados a criptoativos, ativos virtuais, tokenização (no sentido de blockchain), stablecoins ou Drex."
INCUMBENTE,Banco Múltiplo,15124464001159,BANCO BESA S.A.,"",SP,7107,02,20160129,20160129,,6422100,OL-CARTAOCNPJ@BTGPACTUAL.COM,11,33832000,ALEXANDRE CAMARA E SILVA | ANDRE FERNANDES LOPES DIAS | BRUNO DUQUE HORTA NOGUEIRA | CHRISTIAN FLEMMING | MARIANA BOTELHO RAMALHO CARDOSO | RENATO HERMANN COHN,0,0,0,0,0,,https://www.btgpactual.com,erro: 'candidates'
INCUMBENTE,Banco Múltiplo,50585090000106,BANCO BMG CONSIGNADO S.A.,BMG CONSIGNADO S.A.,SP,7107,02,20051103,19780620,,6422100,FISCAL@BANCOBMG.COM.BR,11,28477486,FLAVIO PENTAGNA GUIMARAES NETO | CARLOS ANDRE HERMESINDO DA SILVA | LUIS FELIX CARDAMONE NETO | FELICE ITALO NAPOLITANO | JOAO GUILHERME DE ANDRADE SO CONSIGLIO | EDUARDO VASCONCELOS ANTONIO | ANDREA MILAN DOS SANTOS | LUCIANA BUCHMANN FREIRE | ROBERTO FONSECA SIMOES FILHO | RICARDO TADASHI TAKEYAMA | EDILSON PEREIRA JARDIM | BRUNO GIOVANI CAPELIN,0,0,0,0,0,,https://www.bancobmg.com.br,erro: 'candidates'
INCUMBENTE,Banco Múltiplo,61186680000174,BANCO BMG S.A.,"",SP,7107,02,20051103,19660720,,6422100,FISCAL@BANCOBMG.COM.BR,11,28477486,FLAVIO PENTAGNA GUIMARAES NETO | LUCIANA BUCHMANN FREIRE | ROBERTO FONSECA SIMOES FILHO | CARLOS ANDRE HERMESINDO DA SILVA | RICARDO ANNES GUIMARAES | JOSE EDUARDO GOUVEIA DOMINICALE | ANGELA ANNES GUIMARAES | ANTONIO MOURAO GUIMARAES NETO | MARCO ANTONIO ANTUNES | OLGA STANKEVICIUS COLPO | DORIVAL DOURADO JUNIOR | GUEITIRO MATSUO GENSO | EDILSON PEREIRA JARDIM | LUIS FELIX CARDAMONE NETO | JOAO GUILHERME DE ANDRADE SO CONSIGLIO | RICARDO TADASHI TAKEYAMA | ANDREA MILAN DOS SANTOS | EDUARDO VASCONCELOS ANTONIO | FLAVIO DIAS FONSECA DA SILVA | BRUNO GIOVANI CAPELIN | ALEXANDRE WITZEL IBRAHIM,0,0,0,0,0,,https://www.bancobmg.com.br,"As notícias e comunicados do Banco BMG S.A. entre 2024 e 2026 focam em sua performance financeira, estratégias de crescimento em produtos de maior margem e canais digitais, investimentos em inteligência artificial e operações corporativas, não havendo menção a anúncios, lançamentos ou construções em criptoativos, ativos virtuais, tokenização, stablecoin ou Drex."
INCUMBENTE,Banco Múltiplo,62421979000129,BANCO BMG SOLUÇÕES FINANCEIRAS S.A.,"",SP,7107,02,20051103,19690821,,6422100,FISCAL@BANCOBMG.COM.BR,11,00000001,FLAVIO PENTAGNA GUIMARAES NETO | CARLOS ANDRE HERMESINDO DA SILVA | LUIS FELIX CARDAMONE NETO | FELICE ITALO NAPOLITANO | JOAO GUILHERME DE ANDRADE SO CONSIGLIO | EDUARDO VASCONCELOS ANTONIO | ANDREA MILAN DOS SANTOS | LUCIANA BUCHMANN FREIRE | ROBERTO FONSECA SIMOES FILHO | LAURO LEITE SILVA | RICARDO TADASHI TAKEYAMA | EDILSON PEREIRA JARDIM | BRUNO GIOVANI CAPELIN,0,0,0,0,0,,https://www.bancobmg.com.br,erro: 'candidates'
INCUMBENTE,Banco Múltiplo,15114366000169,BANCO BOCOM BBM S.A.,"",BA,3849,02,20051103,19660805,,6422100,SRF-SSA@BOCOMBBM.COM.BR,71,32432666,CASSIO FERNANDO VON GAL | LEONARDO FREITAS OLIVEIRA | ALEXANDRE LOWENKRON | MONIQUE VERBOONEN DE CARVALHO | LUIZ AUGUSTO MAFFAZIOLI GUIMARAES | ALEXANDRE MOSCOSO CABRAL | TING HUA | XU SUN | LIQIN ZHOU,0,0,0,0,0,,https://www.bocombbm.com.br,erro: 'candidates'
INCUMBENTE,Banco Múltiplo,04184779000101,BANCO BRADESCARD S.A.,"",SP,6789,02,20031004,20001130,,6422100,"",11,36845122,JOSE RAMOS ROCHA NETO | ANDRE DAVID MARQUES | ANTONIO CAMPANHA JUNIOR | MARCOS DANIEL BOLL | VINICIUS PANARO | DANILO LUIS DAMASCENO | TULIO XAVIER DE OLIVEIRA | CLAYTON NEVES XAVIER | CRISTIANO ADJUTO E CAMPOS | FERNANDO JULIAO DE SOUZA AMARAL | PATRICIA KESSLER DE ASSUMPCAO | MARCOS ALEXANDRE PINA CAVAGNOLI | CRISTIANO GOMES DE MOURA,0,0,0,0,0,,https://www.bradescard.com.br,erro: 'candidates'
INCUMBENTE,Banco Múltiplo,33147315000115,BANCO BRADESCO BERJ S.A.,BERJ,SP,6789,02,20051103,19660808,,6422100,BRADESCOBERJ@BRADESCOBERJ.COM.BR,21,38495463,CASSIANO RICARDO SCARPELLI | VINICIUS URIAS FAVARAO | ANTONIO CAMPANHA JUNIOR | VINICIUS PANARO | MARCOS DANIEL BOLL | DANILO LUIS DAMASCENO | ALEXANDRE PANICO | CLAYTON NEVES XAVIER | CRISTIANO ADJUTO E CAMPOS | PATRICIA KESSLER DE ASSUMPCAO | MARCOS ALEXANDRE PINA CAVAGNOLI | CRISTIANO GOMES DE MOURA,0,0,0,0,0,,"",erro: 'candidates'
INCUMBENTE,Banco Múltiplo,07207996000150,BANCO BRADESCO FINANCIAMENTOS S.A.,"",SP,6789,02,20051103,19660825,,6422100,"",11,55067717,JOSE RAMOS ROCHA NETO | MARCOS VALERIO TESCAROLO | VINICIUS PANARO | MARCOS DANIEL BOLL | ANTONIO CAMPANHA JUNIOR | DANILO LUIS DAMASCENO | ANDRE DAVID MARQUES | CLAYTON NEVES XAVIER | CRISTIANO ADJUTO E CAMPOS | PATRICIA KESSLER DE ASSUMPCAO | MARCOS ALEXANDRE PINA CAVAGNOLI | CRISTIANO GOMES DE MOURA,0,0,0,0,0,,https://financiamentos.bradesco,erro: 'candidates'
INCUMBENTE,Banco Múltiplo,60746948000112,BANCO BRADESCO S.A.,BRADESCO EST UNIF,SP,6789,02,20051103,19430302,,6422100,"",11,36845122,LUIZ CARLOS TRABUCO CAPPI | MARCELO DE ARAUJO NORONHA | ALEXANDRE DA SILVA GLUHER | CASSIANO RICARDO SCARPELLI | JOSE RAMOS ROCHA NETO | GUILHERME MULLER LEAL | ROBERTO DE JESUS PARIS | ANDRE FERREIRA GOMES | BRUNO D AVILA MELO BOETGER | AMADEU EMILIO SUTER NETO | ALEXANDRE CESAR PINHEIRO QUERCIA | EDMIR JOSE DOMINGUES | FERNANDO FREIBERGER | CESAR CABUS BERENGUER SILVANY | JOSE ROBERTO GUZELA | LEANDRO JOSE DINIZ | CARLOS HENRIQUE VILLELA PEDRAS | FERNANDO HONORATO BARBOSA | MANOEL GUEDES DE ARAUJO NETO | JOSE AUGUSTO RAMALHO MIRANDA | NAIRO JOSE MARTINELLI VIDAL JUNIOR | ROBERTO FRANCA | OSWALDO TADEU FERNANDES | ALTAIR LUIZ GUARDA | JULIO CARDOSO PAIXAO | ROMERO GOMES DE ALBUQUERQUE | NILTON PEREIRA DOS SANTOS JUNIOR | ALEXANDRE PANICO | JOSE LEANDRO BORGES | RUY CELSO ROSA FILHO | MARCOS DANIEL BOLL | TELMA MARIA DOS SANTOS CALURA | DEBORAH D AVILA PEREIRA CAMPANI SANTANA | ANDRE LUIS DUARTE DE OLIVEIRA | RENATA GEISER MANTARRO | JULIANO RIBEIRO MARCILIO | RUBIA BECKER | DENISE AGUIAR ALVAREZ | MAURICIO MACHADO DE MINAS | HEBERCLEY MAGNO DOS SANTOS LIMA | MARCOS VALERIO TESCAROLO | PAULO ROBERTO SIMOES DA CUNHA | CRISTINA COELHO DE ABREU PINNA | MARINA CLAUDIA GONZALEZ MARTIN DE CARVALHO | RUBENS AGUIAR ALVAREZ | CINTIA SCOVINE BARCELOS DE SOUZA | ALESSANDRO ZAMPIERI | JEFERSON RICARDO GARCIA HONORATO | FRANCISCO ARMANDO ARANDA | CLAYTON NEVES XAVIER | MARCELO MAGALHAES | MARCOS ALBERTO WILLEMANN | NELSON PASCHE JUNIOR | DENISE PAULI PAVARINA | LEANDRO KARAM CORREA LEITE | DANIELA PINHEIRO DE CASTRO | JULIANA LAHAM | FABIO SUZIGAN DRAGONE | DANILO LUIS DAMASCENO | ANTONIO CAMPANHA JUNIOR | BRAULIO MIRANDA OLIVEIRA | RICARDO ELEUTERIO DA SILVA | LUIZ PHILIPE ROXO BIOLCHINI | BRUNO FUNCHAL | VINICIUS URIAS FAVARAO | ANDRE COSTA CARVALHO | RAFAEL FORTE ARAUJO CAVALCANTI | VINICIUS PANARO | LUIS CLAUDIO DE FREITAS COELHO PEREIRA | FRANCESCO DI MARCELLO | RAFAEL PADILHA DE LIMA COSTA | SILVANA ROSA MACHADO | TULIO XAVIER DE OLIVEIRA | JULIO CESAR DE ALMEIDA GUEDES | SORAYA BAHDE | ROGERIO PEDRO CAMARA | LETICIA CARDELLI BUSO GOMES | MARCO AURELIO GALICIOLI | MARINA GRAVINA VEASEY | WELDER COELHO DE OLIVEIRA | MARCOS ALEXANDRE PINA CAVAGNOLI | MARCELO SOUZA RAMOS | MARINA BAUAB CARVALHO WEREBE | BRUNO ROSA CARDOSO | ANA LUISA RODELA BLANCO | LEANDRO MARCAL ARAUJO | PATRICIA KESSLER DE ASSUMPCAO | CRISTIANO ADJUTO E CAMPOS | AFRANIO CARLOS CAMARGO DANTZGER | MARCIO RENATO RIBEIRO SILVA | FERNANDO JULIAO DE SOUZA AMARAL | JULIO CESAR BUENO | FABIO MONTEIRO CHEHAB | ALEX DE BRITO BONIFACIO | PATRICIA SOARES MARTIL | FRANCISCO HENRIQUE FRANCA FERNANDES | HENRIQUE LEME PINTO LIMA | REGIS EDUARDO PRENHACA CARREIRA | RICARDO BARBIERI DE ANDRADE | RENATO CAMARGO NASCIMENTO JUNIOR | IVAN LUIZ GONTIJO JUNIOR | REGINA HELENA JORGE NUNES | PAULO ROGERIO CAFFARELLI | ROGERIO HUFFENBAECHER,0,0,0,0,0,,https://banco.bradesco,erro: 'candidates'
INCUMBENTE,Banco Múltiplo,01852137000137,BANCO BRASILEIRO DE CRÉDITO SOCIEDADE ANÔNIMA,"",SP,7107,02,20050827,19970404,,6422100,VANIA@JSL.COM.BR,11,23777043,HEUBNER LOPES BUSTAMANTE | LUIZ FELIPE BERTOZZO FRANCISCHINELLI | ALEX ROBERTO TRIGUEIRO DE SOUSA | AKSEL KRIEGER,0,0,0,0,0,,https://bancobbcdigital.com.br,erro: 'candidates'
INCUMBENTE,Banco Múltiplo,30306294000145,BANCO BTG PACTUAL S.A.,"",RJ,6001,02,20051103,19790605,,6422100,OL-CARTAOCNPJ@BTGPACTUAL.COM,21,32629600,RENATO MONTEIRO DOS SANTOS | GUILHERME DA COSTA PAES | ROBERTO BALLS SALLOUTI | ROGERIO PESSOA CAVALCANTI DE ALBUQUERQUE | OSWALDO DE ASSIS FILHO | ANTONIO CARLOS CANTO PORTO FILHO | ANDRE FERNANDES LOPES DIAS | IURI RAPOPORT | BRUNO DUQUE HORTA NOGUEIRA | MARIANA BOTELHO RAMALHO CARDOSO | ALEXANDRE CAMARA E SILVA | MARCELO FLORA SALES | CHRISTIAN FLEMMING | RENATO HERMANN COHN,0,0,0,0,0,,https://www.btgpactual.com,erro: 'candidates'
INCUMBENTE,Banco Múltiplo,33466988000138,BANCO CAIXA GERAL - BRASIL S.A.,"",SP,7107,02,20051103,19660930,,6422100,JURIDICO@BCGBRASIL.COM.BR,11,35099300,MARTIN CORDEIRO ARRANZ | RAFAEL FERRAO D ACOSTA,0,0,0,0,0,,https://www.bcgbrasil.com.br,erro: 'candidates'
INCUMBENTE,Banco Múltiplo,03609817000150,BANCO CARGILL S.A.,BANCO CARGILL,SP,7107,02,20031004,20000118,,6422100,ATENDIMENTO_CNPJ@CARGILL.COM,11,50993311,PAULO HUMBERTO ALVES DE SOUSA | ALVARO LUIZ DE REZENDE PUECH | JULIANA DA SILVA CARVALHO | SANDRA MILENA MUNOZ ACOSTA | MARINA RAMALHO DE SIQUEIRA | JULIO CESAR KAIRALLA,0,0,0,0,0,,https://www.bancocargill.com.br,erro: 'candidates'
INCUMBENTE,Banco Múltiplo,02658435000153,BANCO CATERPILLAR S.A.,"",SP,7107,02,20040828,19980406,,6431000,JURIDICO@CAT.COM,11,21002250,ANA PAULA RIBEIRO MARCHIONE | SANDERLEY VIEIRA DE SOUZA | FABIO GANDOLFO SEVERINO | KATIA SYLVESTRE KISS ANDREOTTI | BEATRIZ HANSEN RODRIGUES PRADO | JADERSON CHERVINSKI | DIOGO FIGUEREDO DA SILVA,0,0,0,0,0,,https://www.cat.com,"As pesquisas não revelaram anúncios, lançamentos ou construções em criptoativos, ativos virtuais, tokenização, stablecoin ou Drex por uma instituição financeira brasileira denominada 'BANCO CATERPILLAR S.A.' no período de 2024 a 2026. As menções a 'Caterpillar' e 'Cat Financial' referem-se à fabricante de equipamentos pesados e sua divisão de serviços financeiros, sem indicações de envolvimento em criptoativos."
INCUMBENTE,Banco Múltiplo,33132044000124,BANCO CEDULA S.A.,"",RJ,6001,02,20051103,19720614,,6422100,"","","",IMRE KISS | ARON NESANELOVICZ | LUCIO BOTELHO DA ROCHA | CRISTIAN SILVA DE SOUZA,0,0,0,0,0,,"",erro: 'candidates'
INCUMBENTE,Banco Múltiplo,33479023000180,BANCO CITIBANK S.A.,"",SP,7107,02,20051103,19710106,,6422100,CONTATOCNPJ@CITI.COM,11,40090000,EDUARDO MISZPUTEN | ALEXANDRE PEREIRA RODRIGUES DE SA CASTANHEIRA | ADALBERTO TRIPOLI BARBOSA | ADRIANO MARQUES MILANI | RICARDO MEISTER MARTINS | ANDRE DEL BEL CURY | FREDERICO LEONEL BARBOSA DA SILVA | MIGUEL FACO QUEEN | RONALDO GOUVEA CUNHA | VICTOR FRIAS DE OLIVEIRA ALGE | DAVI XIMENES DE GENARO | OSMAR DE CARVALHO SANTOS JUNIOR | ALINE CORREA DE MEO FERREIRA | GLAUCO SATO BARBOSA | RAPHAEL DOGANI DE ARAUJO | LUIS FELIPE WEST OFFA | CARLOS ROBERTO FERRARI JUNIOR | MARTIN JOSE GERMAN GARCIA | JOSE ALBERTO PAGGIANELLA BENAMOR,0,0,0,0,0,,https://www.citibank.com.br,erro: 'candidates'
INCUMBENTE,Banco Múltiplo,31597552000152,BANCO CLASSICO S.A.,"",RJ,6001,02,20051103,19870828,,6422100,ANDERSON@BANCOCLASSICO.COM.BR,21,22216142,JOSE JOAO ABDALLA FILHO | MANOEL EDUARDO LIMA LOPES | RONALDO DIAS | RAQUEL DA FONSECA CANTARINO,0,0,0,0,0,,https://bancoclassico.com.br,"Não foram encontradas evidências de que o 'BANCO CLASSICO S.A.' tenha anunciado, lançado ou esteja construindo algo em criptoativos, ativos virtuais, tokenização, stablecoin ou Drex no período de 2024 a 2026."
INCUMBENTE,Banco Múltiplo,02992446000175,BANCO CNH INDUSTRIAL CAPITAL S.A.,"",PR,7535,02,20000804,19990129,,6431000,BCNHIACCOUNTING@CNHIND.COM,41,21076682,DIOGO BIZINELLI | SILVAIR OLIVEIRA DA SILVA,0,0,0,0,0,,https://www.cnhindustrialcapital.com,"Não foram encontradas evidências em fontes públicas de que o 'BANCO CNH INDUSTRIAL CAPITAL S.A.' tenha anunciado, lançado ou esteja construindo algo em criptoativos, ativos virtuais, tokenização, stablecoin ou Drex no período de 2024 a 2026. Os relatórios e notícias disponíveis focam em suas operações de crédito tradicionais e desempenho financeiro."
INCUMBENTE,Banco Múltiplo Cooperativo,02038232000164,BANCO COOPERATIVO SICOOB S.A. - BANCO SICOOB,BANCO SICOOB,DF,9701,02,20031004,19970815,,6424701,CONTADORIACCS@SICOOB.COM.BR,61,32175200,MARCO AURELIO BORGES DE ALMADA ABREU | ENIO MEINEN | RUBENS RODRIGUES FILHO | MARCOS VINICIUS VIANA BORGES | ANTONIO CANDIDO VILACA JUNIOR | JANDERSON DE MIRANDA FACCHIN | MARCELO CARNEIRO COSTA,0,0,0,0,0,,https://www.sicoob.com.br,erro: 'candidates'
INCUMBENTE,Banco Comercial,61033106000186,BANCO CREFISA S.A.,"",SP,7107,02,20051103,19690906,,6421200,PUBLICACOES.JURIDICO@CREFISA.COM.BR,11,38976200,LEILA MEJDALANI PEREIRA | JOSE ROBERTO LAMACCHIA | CELSO ANTONIO VASCONCELOS,0,0,0,0,0,,https://www.crefisa.com.br,"As buscas realizadas não indicam que o Banco Crefisa S.A. tenha anunciado, lançado ou esteja construindo algo em criptoativos, ativos virtuais, tokenização, stablecoin ou Drex no período de 2024 a 2026. As informações encontradas referem-se principalmente aos seus canais digitais para serviços bancários tradicionais e ao cronograma geral do Drex pelo Banco Central do Brasil, sem menção à participação ativa da Crefisa em projetos relacionados a esses novos ativos."
INCUMBENTE,Banco Múltiplo,75647891000171,BANCO CRÉDIT AGRICOLE BRASIL S.A.,"",SP,7107,02,20051103,19810707,,6422100,CONTABIL.FINANCE@CA-CIB.COM,11,38966300,ELISE DA SILVA ROMEU | GUILHERME BRANT DE CARVALHO FALCAO | JEAN CHRISTOPHE PHILIPPE GILBERT | JOAO CARLOS CELLI | BRUNA CRISTINA ARCANJO ROSSETTI | JEAN BAPTISTE GOETHALS | FREDERIQUE GILIANE MARIE JOSE TASSEL COEURDEROY | MICHELLE MAURICIO CALIL TOMASELLI,0,0,0,0,0,,https://www.ca-cib.com,erro: 'candidates'
INCUMBENTE,Banco Múltiplo,08357240000150,BANCO CSF S.A.,"",SP,7107,02,20060915,20060915,,6431000,COMPLIANCE_BANCOCSF@CARREFOUR.COM,11,29332297,LUIZ GUSTAVO VARGAS SOUTO | CATIA VALERIA DE PAIVA PORTO | PAULA MAGALHAES CARDOSO NEVES | ANDRE MAURICIO GERALDES MARTINS | RODRIGO ANDRE LEIRAS CARNEIRO | CARLOS ALBERTO AURICCHIO JUNIOR | VANESSA PAULINO DE SOUZA | RAFAEL BANDEIRA DE ALMEIDA | FELIPE CARNEIRO GONCALVES GOMES | TALITA FRANCO FELICIANO | RENATA FARGETTI RIZZO | PABLO HECTOR LORENZO,0,0,0,0,0,,https://www.carrefoursolucoes.com.br,"Não há evidências diretas de que o BANCO CSF S.A. tenha anunciado, lançado ou esteja construindo algo em criptoativos, ativos virtuais, tokenização, stablecoin ou Drex no período de 2024 a 2026 com base nas informações disponíveis. Embora a Carrefour Soluções Financeiras (que engloba o Banco CSF S.A.) tenha publicado um artigo explicando o Drex em novembro de 2025, não há indicação de participação direta no projeto-piloto do Banco Central nem de iniciativas próprias nesses segmentos."
INCUMBENTE,Banco Comercial,04902979000144,BANCO DA AMAZONIA S.A.,BASA DIRECAO GERAL,PA,0427,02,20051103,19671219,,6421200,TRIBUTOS@BANCOAMAZONIA.COM.BR,91,40083316,ROBERTO BATISTA SCHWARTZ MARTINS DE PAULA | FABIO YASSUDA MAEDA | LUIZ CLAUDIO MOREIRA LESSA | JOSE MARIA DE LIMA QUINTO FILHO | JOANA EMILIA RAMOS LIMA | DIEGO SANTOS LIMA,0,0,0,0,0,,https://www.bancoamazonia.com.br,erro: 'candidates'
INCUMBENTE,Banco Múltiplo,10690848000143,BANCO DA CHINA BRASIL S.A.,BANK OF CHINA BRASIL,SP,7107,02,20090310,20090310,,6422100,OUVIDORIA@BOC-BRAZIL.COM,11,35083223,LEI XU | JINSONG CHEN,0,0,0,0,0,,https://www.bankofchina.com,erro: 'candidates'
INCUMBENTE,Banco Múltiplo,62232889000190,BANCO DAYCOVAL S.A.,"",SP,7107,02,20051103,19681119,,6422100,"",11,31380500,SALIM DAYAN | CARLOS MOCHE DAYAN | MORRIS DAYAN | MARIA REGINA RODRIGUES MACIEL NOGUEIRA | ALBERT ROUBEN | NILO CAVARZAN | ALEXANDRE TEIXEIRA | ALEXANDRE RHEIN | PAULO AUGUSTO LUZ FERREIRA SABA | EDUARDO CAMPOS RAYMUNDO | CLAUDINEI APARECIDO PEDRO | ELIE JACQUES MIZRAHI | ERICK WARNER DE CARVALHO | MARIA BEATRIZ DE ANDRADE MARQUES MACEDO | GILSON FERNANDES RIBEIRO | ADELY DAYAN HAMOUI | ANILSON FIEKER PEDROZO | FLAVIA MOTTA CORREA E FERNANDES | GAD DISI | JOAO DE CARVALHO COSTA JUNIOR | LUIZ ALEXANDRE CADORIN | RENATO OTRANTO | SAUL RODRIGUEZ FERNANDEZ | SERGIO TACHIAN ABROSIO | PAULA GIANNETTI DE LIMA,0,0,0,0,0,,https://www.daycoval.com.br,erro: 'candidates'
INCUMBENTE,Banco Comercial Estrangeiro - Filial no país,33042151000161,BANCO DE LA NACION ARGENTINA,"",SP,7107,02,20051103,19660804,,6421200,"","","",,0,0,0,0,0,,https://www.bnabr.com.br,erro: 'candidates'
INCUMBENTE,Banco Comercial Estrangeiro - Filial no país,44189447000126,BANCO DE LA PROVINCIA DE BUENOS AIRES,"",SP,7107,02,20040522,19800728,,6421200,"","","",,0,0,0,0,0,,"",erro: 'candidates'
INCUMBENTE,Banco Múltiplo,05040481000182,BANCO DE LAGE LANDEN BRASIL S.A.,BANCO DLL BRASIL S/A,RS,8801,02,20031004,20020502,,6431000,FISCALPOA@DLLGROUP.COM,051,21042500,ANDERSON JULIANO DOS SANTOS | JOSE LUIS SOUZA DE CAMPOS | JULIANA GILIOLI | DIOGO CONTER JUNQUEIRA | FRANCISCUS JOHANNES BOSSE,0,0,0,0,0,,"",erro: 'candidates'
INCUMBENTE,Banco Múltiplo,92874270000140,BANCO DIGIMAIS S.A.,BANCO DIGIMAIS,SP,7107,02,20051103,19680404,,6422100,ASSESSORIA@BANCODIGIMAIS.COM.BR,11,55555380,JOAO ALVES DE CAMPOS | MARCELO DE LIMA BRASIL | RODRIGO RUGGERO | EDUARDO GONZAGA DE OLIVEIRA GUEDES,0,0,0,0,0,,https://www.bancodigimais.com.br,erro: 'candidates'
INCUMBENTE,Banco Múltiplo,27098060000145,BANCO DIGIO S.A.,"",SP,6213,02,20051103,19810127,,6431000,TRIBUTARIODIGIO@DIGIO.COM.BR,11,21881800,CARLOS GIOVANE NEVES | CLAYTON NEVES XAVIER | VINICIUS PANARO | MARCOS DANIEL BOLL | DANILO LUIS DAMASCENO | ANTONIO CAMPANHA JUNIOR | ANDRE GONCALVES DA SILVA FONSECA,0,0,0,0,0,,https://www.digio.com.br,erro: 'candidates'
INCUMBENTE,Banco do Brasil - Banco Múltiplo,00000000000191,BANCO DO BRASIL S.A.,DIRECAO GERAL,DF,9701,02,20051103,19660801,,6422100,SECEX@BB.COM.BR,61,34939002,FELIPE GUIMARAES GEISSLER PRINCE | PAULA SAYAO CARVALHO ARAUJO | ANTONIO CARLOS WAGNER CHIARELLO | FRANCISCO AUGUSTO LASSALVIA | JOAO VAGNES DE MOURA SILVA | RODRIGO MULINARI | PEDRO BRAMONT | NEUDSON PERES DE FREITAS | TARCIANA PAULA GOMES MEDEIROS | CARLA NESI | ANA CRISTINA ROSA GARCIA | MARISA REGHINI FERREIRA MATTOS | JOSE RICARDO SASSERON | MARCO GEOVANNE TOBIAS DA SILVA | EULER ANTONIO LUZ MATHIAS | ELISA VIEIRA LEONEL | ANELIZE LENZI RUAS DE ALMEIDA | ALAN CARLOS GUEDES DE OLIVEIRA | MARIANA PIRES DIAS | RAFAEL MACHADO GIOVANELLA | ROSIANE BARBOSA LAVIOLA | KAMILLO TONONI OLIVEIRA SILVA | LARISSA DA SILVA NOVAIS VIEIRA | RODRIGO COSTA VASCONCELOS | JULIO CESAR VEZZARO | ALBERTO MARTINHAGO VIEIRA | CARLOS EDUARDO GUEDES PINTO | MARCELO HENRIQUE GOMES DA SILVA | FERNANDO FLORENCIO CAMPOS | VALMIR PEDRO ROSSI | SELMA CRISTINA ALVES SIQUEIRA | FABIO FRANCO BARBOSA FERNANDES | MARCIO LUIZ DE ALBUQUERQUE OLIVEIRA | GILSON ALCEU BITTENCOURT | ALEXANDRE BOCCHETTI NUNES | PEDRO HENRIQUE DUARTE OLIVEIRA | JOSE SALVADOR CONSTANTINO ZARCOS FILHO | BARBARA DOS SANTOS LOPES FREITAS | BARBARA FAVERO DOS SANTOS BOSI | BRUNO ALVES DO NASCIMENTO | GILMAR DALILO CEZAR WANDERLEY,0,0,0,0,0,,https://www.bb.com.br,erro: 'candidates'
INCUMBENTE,Banco Múltiplo,13009717000146,BANCO DO ESTADO DE SERGIPE S.A.,BANESE,SE,3105,02,20051103,19660909,,6422100,ARTRI.GERENTES@BANESE.COM.BR,79,32181250,ALESSIO DE OLIVEIRA REZENDE | MARCOS VENICIUS NASCIMENTO | MARCO ANTONIO QUEIROZ | KLEBER TELES DANTAS | WESLEY TEIXEIRA CABRAL,0,0,0,0,0,,"","Não há evidências encontradas nas buscas realizadas de que o BANCO DO ESTADO DE SERGIPE S.A. (Banese) tenha anunciado, lançado ou esteja construindo algo em criptoativos, ativos virtuais, tokenização, stablecoin ou Drex no período de 2024 a 2026."
INCUMBENTE,Banco Múltiplo,04913711000108,BANCO DO ESTADO DO PARÁ S.A.,BANPARA,PA,0427,02,20051103,19660929,,6422100,GETRI@BANPARANET.COM.BR,91,30044444,RUTH PIMENTEL MELLO | GENYCE PIRES DE AMORIM | IGOR BARBOSA GONCALVES | RAIMUNDO BENEDITO PINHEIRO | SERGIO ROBERTO RIBEIRO MACIEL | JORGE WILSON CAMPOS E SILVA ANTUNES | ELIAS THIAGO GONCALVES LIMA | LUCY ALVARES ANAISSE | EUGENIO LUIS DE SOUSA PESSOA | THIAGO JAYME SOUSA | ANA CATARINA TAVARES SICSU,0,0,0,0,0,,https://www.banpara.b.br,"Não foram encontradas evidências de que o Banco do Estado do Pará S.A. (Banpará) tenha anunciado, lançado ou esteja construindo algo em criptoativos, ativos virtuais, tokenização, stablecoin ou Drex no período de 2024 a 2026."
INCUMBENTE,Banco Múltiplo,92702067000196,BANCO DO ESTADO DO RIO GRANDE DO SUL S.A.,BANRISUL,RS,8801,02,20051103,19690812,,6422100,SECRETARIA_DG@BANRISUL.COM.BR,51,32152924,IRANY DE OLIVEIRA SANT ANNA JUNIOR | EDUARDO CUNHA DA COSTA | RAMIRO SILVEIRA SEVERO | JORGE LUIS TONETTO | ITANIELSON DANTAS SILVEIRA CRUZ | FERNANDO GUERREIRO DE LEMOS | LUIZ GONZAGA VERAS MOTA | CARLOS ALUISIO VAZ MALAFAIA | ELIZABETE REJANE SODRE TAVARES | IVANOR ANTONIO DURANTI | MARCIA ADRIANA CELESTINO | URBANO SCHMITT | EDUARDO JUNIOR DE MATOS LEWANDOWSKI | JULIO CESAR LOPES ABRANTES | KALIL SEHBE NETO | RICARDO ENGLERT | ROBSON OLIVEIRA SANTOS,0,0,0,0,0,,https://www.banrisul.com.br,erro: 'candidates'
INCUMBENTE,Banco Múltiplo,33644196000106,BANCO FATOR S.A.,"",SP,7107,02,20020713,19730822,,6422100,"",11,30499100,GILBERTO TERUHIKO MORIAMA | JOAO ANTONIO LOPES FILHO | BRUNO CAPUSSO | LUCAS BUSCARIOLI STEFANINI | EDUARDO CHALUB MARINO,0,0,0,0,0,,https://www.fator.com.br,erro: 'candidates'
INCUMBENTE,Banco Múltiplo,58616418000108,BANCO FIBRA S.A.,"",SP,7107,02,20051103,19880218,,6422100,PRESIDENCIA@BANCOFIBRA.COM.BR,11,38476943,ARNO SCHWARZ | ELISABETH STEINBRUCH SCHWARZ | ANNA MARIA MARZORATI KUNTZ | MARIA INES VICENTE FERREIRA PASTORI | SERGIO LUIS PATRICIO | EDUARDO ANTONELLI CARVALHO DE SOUZA | DANIEL OLIVIERI SILVA | ANDRE CADIME DE GODOI | PAULA BENDIT DAVID,0,0,0,0,0,,https://www.bancofibra.com.br,"Não foram encontradas evidências de que o 'BANCO FIBRA S.A.' tenha anunciado, lançado ou esteja construindo algo em criptoativos, ativos virtuais, tokenização, stablecoin ou Drex no período de 2024 a 2026 nas fontes consultadas."
INCUMBENTE,Banco Comercial,11758741000152,BANCO FINAXIS S.A.,"",PR,7535,02,20100304,20100304,,6421200,CONTABILIDADE@FINAXIS.COM.BR,41,30740909,MARIA CLAUDIA BELDI | LUIS LOCASPI | FELIPE CASTRO DEZOTTI | TIAGO BARBOSA ORSONI | RONALDO HIGA SOKEI,0,0,0,0,0,,https://www.finaxis.com.br,erro: 'candidates'
INCUMBENTE,Banco Múltiplo,59274605000113,BANCO GM S.A.,"",SP,7107,02,20051103,19700406,,6431000,BR_JURIDICO@GMFINANCIAL.COM,11,89221469,PAULO HENRIQUE LAGE NOMAN | MARCIO SANTOS FRAZAO | AGUSTIN CELEIRO | CARLOS GUSTAVO ABELHA SULZER | FERNANDO RICARDO RODRIGUEZ TREVINO | ALEXANDRE GARCIA MACHADO DE BARROS,0,0,0,0,0,,https://www.chevroletsf.com.br,erro: 'candidates'
INCUMBENTE,Banco Múltiplo,31880826000116,BANCO GUANABARA S.A.,"",RJ,6001,02,20051103,19871210,,6422100,CONTABILIDADE@BANCOGUANABARA.COM.BR,21,27370400,ANTONIO PADUA ARANTES | PEDRO AURELIO BARATA DE MIRANDA LINS,0,0,0,0,0,,https://www.bancoguanabara.com.br,erro: 'candidates'
INCUMBENTE,Banco Múltiplo,03634220000165,BANCO HONDA S.A.,"",SP,7107,02,20000210,20000210,,6431000,CONTABILIDADE@HONDA.COM.BR,11,55769959,RODRIGO NOBORU GONDO | MASAICHI KOBAYASHI | FABIO LUIZ LOURENCO FAVARON | RICARDO RUIZ DE ROSSI | KEISUKE TSURUZONO,0,0,0,0,0,,https://www.bancohonda.com.br,erro: 'candidates'
INCUMBENTE,Banco Múltiplo,30172491000119,BANCO HYUNDAI CAPITAL BRASIL S.A.,"",SP,7107,02,20180411,20180411,,6422100,BGRUNER@BR.HCS.COM,11,35537000,JUNGSANG KIM | LILIANA BLUTAUMULLER | ALDINEI JOSE ROLING | CEZAR AUGUSTO JANIKIAN | TAI YOUNG JUNG | EDUARDO ALVAREZ GARRIDO | GABRIEL CONCEICAO SIMAO,0,0,0,0,0,,https://www.bhcb.com.br,erro: 'candidates'
INCUMBENTE,Banco Múltiplo,34270520000136,BANCO IBM S.A.,"",RJ,6001,02,20051103,19711101,,6422100,IBMEVOCE@BR.IBM.COM,11,21323053,ANTONIO JOSE GUIMARAES RAMOS | FERNANDO BEVILACQUA AGONIGI | FABIO AUGUSTO PRANGE | VANESSA SANTANA MACHADO UZEDA | DANIEL GIFFONI DE SOUSA DANTAS,0,0,0,0,0,,"",erro: 'candidates'
INCUMBENTE,Banco Múltiplo,04866275000163,BANCO INBURSA S.A.,"",SP,7107,02,20051103,20011220,,6422100,SAO-LEGAL@INBURSA.COM,11,30304300,VLADIMIR BACIGA | VICTOR MANUEL AGUILERA VERDUZCO | DANIELA VALENTIM BOVI,0,0,0,0,0,,https://www.inbursa.com,erro: 'candidates'
INCUMBENTE,Banco Múltiplo,31895683000116,BANCO INDUSTRIAL DO BRASIL S.A.,"",SP,7107,02,20051103,19880119,,6422100,DALMO@BIB.COM.BR,11,30499700,CARLOS ALBERTO MANSUR | DANIEL GARGALHONE MORO | ARTHUR MARIANO COMIN | GUILHERME CARDOSO GOTTARDI | CARLOS ALBERTO MANSUR FILHO | FABIO MARQUES | MARCELO RUSSO SOARES JUNIOR,0,0,0,0,0,,https://www.bib.com.br,erro: 'candidates'
INCUMBENTE,Banco Comercial,61182408000116,BANCO INVESTCRED UNIBANCO S.A.,"",SP,7107,02,20051103,19660704,,6421200,ITAUJUDICIAL@ITAU-UNIBANCO.COM.BR,11,30034828,RUBENS FOGLI NETTO | LINEU CARLOS FERRAZ DE ANDRADE | TATIANA GRECCO | RODRIGO ANDRE LEIRAS CARNEIRO | ANDRE MAURICIO GERALDES MARTINS | RITA RODRIGUES FERREIRA CARVALHO | ESTEVAO CARCIOFFI LAZANHA | VINICIUS SANTANA | ELCIO MITSUHIRO ITO | VITAL FLORES LEITE | LUCAS BOARETO DA APARECIDA | MARIANA MAURIZ RODRIGUES | ANDRE BALESTRIN CESTARE | CARLOS EDUARDO DE ALMEIDA MAZZEI | ADRIANO VICENTE DA SILVA,0,0,0,0,0,,https://www.itau.com.br,erro: 'candidates'
INCUMBENTE,Banco Múltiplo,91884981000132,BANCO JOHN DEERE S.A.,"",SP,6511,02,20010825,19870730,,6422100,FISCAL@BANCOJOHNDEERE.COM.BR,19,33188300,ISRAEL GOBATTO DE OLIVEIRA | ALEX BRAUVERES FERREIRA | SERGIO RICARDO PEDROSO MOREIRA | ROBERTO MEDEIROS PAULA | ADRIANO SALVETTI MARCHETTI,0,0,0,0,0,,https://www.deere.com.br,"As buscas por informações sobre o Banco John Deere S.A. e seu envolvimento em criptoativos, ativos virtuais, tokenização, stablecoin ou Drex entre 2024 e 2026 não retornaram resultados específicos que indiquem tais atividades."
INCUMBENTE,Banco Múltiplo,07656500000125,BANCO KDB DO BRASIL S.A.,"",SP,7107,02,20051025,20051025,,6422100,ADM@BANCOKDB.COM.BR,11,21380000,SUKMIN KIM | BANGHYUN LIM | DONGJOO LEE | CHULKI PARK | JIWOONG OCK | KIBOK KIM,0,0,0,0,0,,https://www.bancokdb.com.br,"Não há evidências nos resultados da pesquisa de que o 'BANCO KDB DO BRASIL S.A.' tenha anunciado, lançado ou esteja construindo algo em criptoativos, ativos virtuais, tokenização, stablecoin ou Drex no período de 2024 a 2026. As informações disponíveis indicam que o Banco KDB do Brasil S.A. atua principalmente em atividades comerciais, oferecendo crédito a empresas brasileiras, e não opera no varejo ou com pessoas físicas."
INCUMBENTE,Banco Comercial,02318507000113,BANCO KEB HANA DO BRASIL S.A.,BANCO KEB HANA DO BRASIL,SP,7107,02,20020427,19971231,,6421200,"","","",SUNG WON KIM | JONGHO YOON | KIL YONG LEE | YONGPYO KIM,0,0,0,0,0,,"",erro: 'candidates'
INCUMBENTE,Banco Múltiplo,23903068000186,BANCO KOMATSU DO BRASIL S.A.,"",SP,7107,02,20160104,20160104,,6431000,"",11,21058038,PAULO MARCIO GRANELLE ALVES | GUSTAVO PINTO FERREIRA | ROBERTA GODINHO ABEL,0,0,0,0,0,,https://www.bancokomatsu.com.br,erro: 'candidates'
INCUMBENTE,Banco Múltiplo,33254319000100,BANCO LOSANGO S.A. - BANCO MÚLTIPLO,LOSANGO EST UNIF,RJ,6001,02,20051103,19721204,,6431000,ORTEC@ORTECSP.COM.BR,11,31049855,MARCOS VALERIO TESCAROLO | FRANCISCO HENRIQUE FRANCA FERNANDES | VINICIUS PANARO | MARCOS DANIEL BOLL | ANTONIO CAMPANHA JUNIOR | DANILO LUIS DAMASCENO | JOSE RAMOS ROCHA NETO | CLAYTON NEVES XAVIER | CRISTIANO ADJUTO E CAMPOS | PATRICIA KESSLER DE ASSUMPCAO | ANDRE DAVID MARQUES | MARCOS ALEXANDRE PINA CAVAGNOLI | CRISTIANO GOMES DE MOURA,0,0,0,0,0,,https://www.bradesco.com.br,erro: 'candidates'
INCUMBENTE,Banco Múltiplo,59118133000100,BANCO LUSO BRASILEIRO S.A.,"",SP,7107,02,20051103,19880623,,6422100,INFO@LUSOBANK.COM.BR,11,30391500,JOSE FRANCISCO FERNANDES RIBEIRO | JOAO MIGUEL LOUREIRO MARTINS | ERNANI LEITE VITORELLO,0,0,0,0,0,,"","Não foram encontradas evidências de que o 'BANCO LUSO BRASILEIRO S.A.' tenha anunciado, lançado ou esteja construindo algo em criptoativos, ativos virtuais, tokenização, stablecoin ou Drex no período de 2024 a 2026."
INCUMBENTE,Banco de Investimento,34169557000172,BANCO MERCANTIL DE INVESTIMENTOS S/A,"",MG,4123,02,20051103,19730423,,6432800,LEGALIZACAO.AGENCIAS@MERCANTIL.COM.BR,31,30575342,PAULO HENRIQUE BRANT DE ARAUJO | FELIPE LOPES BOFF | BRUNO PINTO SIMAO | CAROLINA MARINHO DO VALE DUARTE | GREGORIO MOREIRA FRANCO,0,0,0,0,0,,"","A instituição financeira brasileira 'BANCO MERCANTIL DE INVESTIMENTOS S/A' vendeu sua Corretora de Câmbio, Títulos e Valores Mobiliários (CCTVM) para o Mercado Bitcoin em janeiro de 2026, o que permitiu ao Mercado Bitcoin expandir sua atuação no mercado de ativos digitais, mas não indica que o próprio Banco Mercantil tenha anunciado, lançado ou esteja construindo algo em criptoativos, ativos virtuais, tokenização, stablecoin ou Drex."
INCUMBENTE,Banco Múltiplo,17184037000110,BANCO MERCANTIL DO BRASIL S.A.,BANCO MERCANTIL,MG,4123,02,20051103,19660928,,6422100,LEGALIZACAO.AGENCIAS@MERCANTIL.COM.BR,31,30575342,LUIZ HENRIQUE ANDRADE DE ARAUJO | MARIANA MACHADO DE ARAUJO DE SOUZA LIMA | GUSTAVO HENRIQUE DINIZ DE ARAUJO | CAROLINA MARINHO DO VALE DUARTE | FELIPE LOPES BOFF | PAULINO RAMOS RODRIGUES | GREGORIO MOREIRA FRANCO | BRUNO PINTO SIMAO | ANDERSON ADEILSON DE OLIVEIRA | RODRIGO DE ARAUJO SIMOES | LUCAS LOPES KUBIAKI | ANDRE RODRIGUES HORTA,0,0,0,0,0,,"",erro: 'candidates'
INCUMBENTE,Banco Múltiplo,60814191000157,BANCO MERCEDES-BENZ DO BRASIL S.A.,"",SP,7075,02,20051103,19660728,,6431000,LUCIANO.ORAGGIO@DAIMLERTRUCK.COM,11,37929734,TATIANA YOKAYAMA E SILVA | MARCELLO LARUSSA | RAQUEL BARBOSA ASSIS DOS SANTOS | LEONARDO LUIZ PICCININI,0,0,0,0,0,,https://www.daimlertruck.com,erro: 'candidates'
INCUMBENTE,Banco Múltiplo,61088183000133,BANCO MIZUHO DO BRASIL S.A.,"",SP,7107,02,20051103,19660711,,6422100,"",11,57742890,MARCELO MATSMOTO | CRISTIANE ZANETTI JUNQUEIRA GUILLARD | ADRIANA DE CASSIA ANTUNES KAKAZU | YOSUKE SHIOZAKI | HIROYUKI HAYASHI,0,0,0,0,0,,https://www.mizuhogroup.com,erro: 'candidates'
INCUMBENTE,Banco Múltiplo,07441209000130,BANCO MONEO S.A.,BANCO MONEO,RS,8599,02,20050614,20050614,,6431000,CONTABILIDADE@BANCOMONEO.COM.BR,54,29911033,MAURO GILBERTO BELLINI | JOSE ANTONIO VALIATI | RODRIGO TOLOTTI | ERALDO PAIM DE ARAUJO | PAULO CEZAR DA SILVA NUNES | PABLO FREITAS MOTTA,0,0,0,0,0,,https://www.bancomoneo.com.br,erro: 'candidates'
INCUMBENTE,Banco Múltiplo,02801938000136,BANCO MORGAN STANLEY S.A.,"",SP,7107,02,20021005,19980824,,6422100,GORETI.KAFER@MORGANSTANLEY.COM,11,30486053,HAROLDO DE OLIVEIRA FRANCA LEITE | ARIANE JAREMCIUC SILVA | EDUARDO JOSE MENDEZ | ELAINE APARECIDA DE SOUZA OLIVEIRA | MARIA GORETI KAFER | FABIO SARABIA | GUILHERME MARQUES DA SILVA | JOAO VICENTE SOUTELLO CAMAROTA | ALESSANDRA CRISTIANE VISIOLI KONDA | ALESSANDRO ZEMA SILVA,0,0,0,0,0,,https://www.morganstanley.com.br,erro: 'candidates'
INCUMBENTE,Banco Múltiplo,60498557000126,BANCO MUFG BRASIL S.A.,"",SP,7107,02,20051103,19660811,,6422100,"","","",JYUN ONUMA | ANDERSON BORGES DE GODOI | MARCIO KOITI YAMADA | KAZUSHI SHIBATA | KENTARO AOYAMA | LUIS ALBERTO SCANDELARI BUSSMANN,0,0,0,0,0,,https://www.br.bk.mufg.jp,erro: 'candidates'
INCUMBENTE,Banco de Investimento,33222241000134,BANCO NACIONAL DE INVESTIMENTOS S.A.,ESTABELECIMENTO UNIFICADO,RJ,6001,02,20051103,19730612,,6432800,BNSA@BNSA.COM.BR,23,39832321,ALEXANDRE CAMARA E SILVA | ANDRE FERNANDES LOPES DIAS | BRUNO DUQUE HORTA NOGUEIRA | CHRISTIAN FLEMMING | MARIANA BOTELHO RAMALHO CARDOSO,0,0,0,0,0,,https://www.bnsa.com.br,erro: 'candidates'
INCUMBENTE,Banco Múltiplo,17157777000167,BANCO NACIONAL S.A.,"",RJ,6001,02,20051103,19721201,,6422100,OL-CARTAOCNPJ@BTGPACTUAL.COM,21,32629600,ALEXANDRE CAMARA E SILVA | ANDRE FERNANDES LOPES DIAS | BRUNO DUQUE HORTA NOGUEIRA | CHRISTIAN FLEMMING | MARIANA BOTELHO RAMALHO CARDOSO,0,0,0,0,0,,https://www.bnsa.com.br,erro: 'candidates'
INCUMBENTE,Banco Múltiplo,92894922000108,BANCO ORIGINAL S.A.,"",SP,7107,02,20051022,19681011,,6422100,ATENDIMENTO@ORIGINAL.COM.BR,11,40040800,LUIZ MENEGUETTI | RAUL FRANCISCO MOREIRA | LUIZ ANTONIO FERNANDES CALDAS MORONE | ANTONIO MAURICIO MAURANO | MARCELO LO DUCA CERRANO | JOAO CEZAR CERQUEIRA MAGALHAES JUNIOR | SERGIO LUIZ ROSSETTO LEOMIL | THIAGO STAINOFF SIMAO | RAFAEL MIRAS COESTAS DINIZ | REGINA THEREZA DE MEDEIROS LIMA,0,0,0,0,0,,https://www.original.com.br,"As buscas realizadas não encontraram informações ou anúncios específicos do 'BANCO ORIGINAL S.A.' sobre o lançamento, construção ou anúncio de algo relacionado a criptoativos, ativos virtuais, tokenização, stablecoin ou Drex no período de 2024 a 2026. Embora outros bancos brasileiros tenham expandido suas ofertas de criptoativos nesse período, o Banco Original não foi mencionado em tais iniciativas."
INCUMBENTE,Banco Múltiplo,28517628000188,BANCO PACCAR S.A.,BANCO PACCAR,PR,7777,02,20170828,20170828,,6431000,LIZIANI.PARASKY@PACCAR.COM,42,31229218,NEUDO PESSOA DE MELLO JUNIOR | ALESSANDRA BRITO FUJIOKA | JOSE REINALDO FERRAZ ITO | GUSTAVO COSTENARO | FABIO DE OLIVEIRA MOREIRA,0,0,0,0,0,,https://www.paccarfinancial.com.br,"As buscas por informações sobre o Banco PACCAR S.A. e seu envolvimento com criptoativos, ativos virtuais, tokenização, stablecoin ou Drex no período de 2024 a 2026 não retornaram resultados que indiquem qualquer anúncio, lançamento ou construção de projetos nessas áreas."
INCUMBENTE,Banco Múltiplo,59285411000113,BANCO PAN S.A.,"",SP,7107,02,20051103,19660823,,6422100,CONTROLESADMINISTRATIVOS@GRUPOPAN.COM,11,40030101,ALEX SANDER MOREIRA GONCALVES | CAIO CREPALDI CASSANO | ANDRE LUIZ CALABRO | BRUNO DUQUE HORTA NOGUEIRA | BRUNO EMIL PEUKER | CHRISTIAN FLEMMING | MARIANA BOTELHO RAMALHO CARDOSO | RODRIGO CARLOS BIAZOTTO,0,0,0,0,0,,https://bit.ly,erro: 'candidates'
INCUMBENTE,Banco Múltiplo,61820817000109,BANCO PAULISTA S.A.,"",SP,7107,02,20051103,19671116,,6422100,FISCAL.TRIBUTARIO@BANCOPAULISTA.COM.BR,11,32992000,RUI LUIS FERNANDES | MARCELO ADILSON TAVARONE TORRESI | VINICIUS LAZZER POIT,0,0,0,0,0,,https://www.bancopaulista.com.br,"Não foram encontradas evidências diretas de que o Banco Paulista S.A. anunciou, lançou ou está construindo algo em criptoativos, ativos virtuais, tokenização, stablecoin ou Drex no período de 2024 a 2026, com base nas notícias disponíveis."
INCUMBENTE,Banco Múltiplo,62144175000120,BANCO PINE S.A.,"",SP,7107,02,20051103,19680725,,6422100,RECEPCAO@PINE.COM,11,33725200,RODRIGO ESTEVES PINHEIRO | ODILARDO GUERREIRO RODRIGUES FILHO | NOBERTO NOGUEIRA PINHEIRO JUNIOR | ALCIDES ROBERTO ROCHA | GUILHERME VIEIRA NEVES | TATIANA APARECIDA MUNHOZ | RONALDO SILVESTRE | RICARDO DE CASTRO BAMPA | GERSOM PEREIRA PRECARO | CRISTIANO OLIVEIRA DA SILVA | SERGIO MARTINS DA ROCHA | DESIREE PEREIRA BONESSI,0,0,0,0,0,,https://www.pine.com,erro: 'candidates'
INCUMBENTE,Banco de Investimento,40429946000192,BANCO PORTO REAL DE INVESTIMENTOS S.A,"",RJ,0780,02,20051103,19920414,,6432800,ROSELI@BPR.COM.BR,24,20320002,LUIZ EDUARDO TARQUINIO MONTEIRO DA COSTA | ELIZABETH TARQUINIO MONTEIRO DA COSTA | JOSE MAURO BARBOSA,0,0,0,0,0,,"","O BANCO PORTO REAL DE INVESTIMENTOS S.A foi adquirido pelo Nubank em julho de 2026, principalmente para que o Nubank obtivesse uma licença bancária para fins regulatórios, e não há evidências de que o Banco Porto Real de Investimentos S.A. tenha anunciado, lançado ou esteja construindo algo em criptoativos, ativos virtuais, tokenização, stablecoin ou Drex no período de 2024 a 2026 antes ou independentemente dessa aquisição."
INCUMBENTE,Banco Múltiplo,01023570000160,BANCO RABOBANK INTERNATIONAL BRASIL S.A.,"",SP,7107,02,20031004,19960122,,6422100,FALECONOSCO@RABOBANK.COM,11,55037000,FABIANA PURRI FERREIRA ALVES | LEONARDO VALE VERAS | VIVIAN GUIMARAES PASCOALINO CARRARA | LEANDRO FALSARELLA DE CARVALHO | MAIKEL VAN ZAANEN | MARIO MIGUEL DA SILVA FERREIRA | RICARDO MARQUES DA SILVA,0,0,0,0,0,,https://www.rabobank.com.br,"Não foram encontradas evidências diretas de que 'BANCO RABOBANK INTERNATIONAL BRASIL S.A.' tenha anunciado, lançado ou esteja construindo algo em criptoativos, ativos virtuais, tokenização, stablecoin ou Drex no período de 2024 a 2026 nas fontes consultadas."
INCUMBENTE,Banco Múltiplo,11476673000139,BANCO RANDON S.A.,BANCO RANDON,RS,8599,02,20100119,20100119,,6431000,ATENDIMENTOFISCALCSC@RANDONCORP.COM,54,32158646,JAIME MARCHET | JOAREZ JOSE PICCININI | ALEXANDRE RANDON | AUGUSTO GIONGO LETTI | GERALDO SANTA CATHARINA | PAULO PRIGNOLATO | RODRIGO DE GASPERI PORTELLA | LUIS FELIPE OLIVEIRA SZMIDTKE,0,0,0,0,0,,https://www.bancorandon.com,erro: 'candidates'
INCUMBENTE,Banco Múltiplo,62307848000115,BANCO RCI BRASIL S.A.,"",PR,7535,02,20031004,19710114,,6431000,JURIDICO.RCI@MOBILIZE-FS.COM,41,30251534,CEZAR AUGUSTO JANIKIAN | ROSANO OURIQUES | JOSE LUIS MEDINA DEL RIO | CARLOS ALBERTO JANZ JUNIOR,0,0,0,0,0,,https://www.mobilize-fs.com.br,erro: 'candidates'
INCUMBENTE,Banco Comercial,68900810000138,BANCO RENDIMENTO S.A.,"",SP,7107,02,20051103,19921002,,6421200,COMPLIANCETRIBUTARIO@RENDIMENTO.COM.BR,11,36297094,CESAR ADES | ABRAMO DOUEK | EDWIN DOUEK | ALEXANDRE GOMES FIALHO | ROGER ADES | FABIO ZICARI | MARCELO MAKTAS MELSOHN | FLAMINIO OLIVEIRA FERREIRA | ARETUZA APARECIDA SENA | EDUARDO GONI DE OLIVEIRA | RICARDO SIMONE PEREIRA,0,0,0,0,0,,https://www.rendimento.com.br,erro: 'candidates'
INCUMBENTE,Banco Múltiplo,00517645000104,BANCO RIBEIRAO PRETO S.A.,"",SP,6969,02,20051103,19950330,,6422100,contabilidade@brp.com.br,16,21014613,NELSON ROCHA AUGUSTO | WALTER MITSSUO HAGA | SILVANA COSELLI SBORGIA | GLAUBER FERREIRA | ANTONIO ALBERTO GOUVEA VIEIRA FILHO | GILBERTO SAYAO DA SILVA | SERGIO PASSOS RIBEIRO | MARCELA VILAS BOAS DA SILVA | TATIANA SARRIS PONTES,0,0,0,0,0,,https://www.brp.com.br,erro: 'candidates'
INCUMBENTE,Banco Múltiplo,80271455000180,BANCO RNX S.A.,RNX BANCO,PR,7535,02,20051103,19870917,,6431000,CONTABILIDADE@BANCORNX.COM.BR,41,30745900,LUIZ ALBARI VEIGA ASCHEMBRENER | MARCELO RENAUX | JOAO MAURICIO ARCHER WANDERLEY,0,0,0,0,0,,https://www.bancornx.com.br,erro: 'candidates'
INCUMBENTE,Banco Múltiplo,60935819000172,BANCO SANY BRASIL S.A.,BANCO SANY,SP,7107,02,20250521,20250521,,6431000,CONTATO.SBBR@SANYGROUP.COM,12,39086150,DANIEL RODRIGUES DA CUNHA COIMBRA | XIAO HUA,0,0,0,0,0,,https://www.sanygroup.com,"Não há evidências nos resultados da pesquisa de que o 'BANCO SANY BRASIL S.A.' tenha anunciado, lançado ou esteja construindo algo em criptoativos, ativos virtuais, tokenização, stablecoin ou Drex no período de 2024 a 2026. Os resultados indicam que o Banco SANY, lançado oficialmente no Brasil com operações previstas para o início de 2026, foca em soluções de financiamento para máquinas e equipamentos da marca SANY."
INCUMBENTE,Banco Múltiplo,00795423000145,BANCO SEMEAR S.A.,"",MG,4123,02,20051103,19950830,,6422100,SECRETARIAGERAL@BANCOSEMEAR.COM.BR,31,35168000,ROBERTO WILLIANS SILVA AZEVEDO | ARTHUR SOARES CAMPOS | BRUNA LUISA CAPELLINI VILELA | RICARDO DE SOUZA MENDES,0,0,0,0,0,,https://www.bancosemear.com.br,erro: 'candidates'
INCUMBENTE,Banco Múltiplo,11970623000103,BANCO SENFF S.A.,BANCO SENFF,PR,7535,02,20100506,20100506,,6422100,RELACIONAMENTO.INSTITUCIONAL@SENFF.COM.BR,41,33131801,LEOPOLDO DE PAULA SENFF | LUIZ CARLOS BELTZAC | JACQUELINE JUSSARA LANGE PEREIRA | ALEXSANDRO APARECIDO LIMA | EVERTON DZIKOVICZ,0,0,0,0,0,,https://www.senff.com.br,erro: 'candidates'
INCUMBENTE,Banco Múltiplo,76543115000194,BANCO SISTEMA S.A.,"",PR,7535,02,20051103,19710419,,6422100,OL-CARTAOCNPJ@BTGPACTUAL.COM,21,32629600,RENATO MONTEIRO DOS SANTOS | ANDRE FERNANDES LOPES DIAS | BRUNO DUQUE HORTA NOGUEIRA | ALEXANDRE CAMARA E SILVA | IURI RAPOPORT,0,0,0,0,0,,https://www.btgpactual.com,erro: 'candidates'
INCUMBENTE,Banco Múltiplo,61533584000155,BANCO SOCIETE GENERALE BRASIL S.A.,"",SP,7107,02,20051103,19660804,,6422100,FALECONOSCO@SGCIB.COM,11,32178000,EDUARDO YASUDA IRIE | MARIO MARCOS LOPES | PAULO FAGUNDES DE LIMA | BEATRIZ LACAZ VIEIRA BROWN | GUSTAVO DE MAGALHAES REZENDE | CAROLYNE MOURA MUNHOZ,0,0,0,0,0,,https://societegeneralebrasil.com.br,"Nenhuma evidência direta foi encontrada de que o 'BANCO SOCIETE GENERALE BRASIL S.A.' anunciou, lançou ou está construindo algo em criptoativos, ativos virtuais, tokenização, stablecoin ou Drex no período de 2024 a 2026. As notícias sobre atividades em ativos digitais e stablecoins referem-se principalmente ao grupo Société Générale e sua subsidiária SG-Forge globalmente, e não especificamente à sua operação brasileira."
INCUMBENTE,Banco Múltiplo,60889128000180,BANCO SOFISA S.A.,"",SP,7107,02,20051103,19660713,,6422100,TRIBUTARIO@SOFISA.COM.BR,11,31765500,ALEXANDRE BURMAIAN | SILVIA SCORSATO | GABRIEL MIGUEL CEZAR | FABRICIO COSTA ANGELIN | DANIEL DONIZETE DE FARIA | EMILIO PEDRO BORSARI FILHO | MATHEUS DEFINE PEROSSI | CESAR AUGUSTO DE OLIVEIRA GONCALVES | LEONARDO PEREIRA SIMOES | FRANCISCO SOARES DA SILVA JUNIOR,0,0,0,0,0,,https://www.sofisa.com.br,erro: 'candidates'
INCUMBENTE,Banco Comercial,28811341000166,BANCO STONEX S.A.,"",SP,7107,02,20171006,20171006,,6438701,FINANCEIRO@STONEX.COM,11,35095404,JOANA SMITH DE VASCONCELLOS | JOAO CARLOS VILHENA | FERNANDO GHIDETTI MAZZANTI | SERGIO RAMOS LENHARO | GLAUCO PUCCINELLI MONTE,0,0,0,0,0,,https://banco.stonex.com,"Não foram encontradas evidências diretas de que a instituição financeira brasileira 'BANCO STONEX S.A.' tenha anunciado, lançado ou esteja construindo algo em criptoativos, ativos virtuais, tokenização, stablecoin ou Drex no período de 2024 a 2026."
INCUMBENTE,Banco Múltiplo,03215790000110,BANCO TOYOTA DO BRASIL S.A.,"",SP,7107,02,20051103,19990602,,6431000,"",11,55042000,LUCIANO FRANCISCO SAVOLDI | PEDRO ELIAS DABBUR | RAFAEL COELHO DE SOUZA ROLLA | EVANDRO LUIZ MAGGIO | ATSUSHI HAYASHI,0,0,0,0,0,,https://www.bancotoyota.com.br,erro: 'candidates'
INCUMBENTE,Banco Múltiplo,52067630000187,BANCO TRATON BRASIL S.A.,"",SP,7107,02,20230904,20230904,,6431000,EDUARDO.PORTAS@TRATONFS.COM,11,83543751,EDUARDO PORTAS | FRANCISCO ALEXANDRE BOCHNIA MAQUEDA | LILIAN DOS SANTOS KANEMATSU,0,0,0,0,0,,https://www.tratonfs.com,erro: 'candidates'
INCUMBENTE,Banco Múltiplo,17351180000159,BANCO TRIANGULO S.A.,TRIBANCO,MG,5403,02,20051103,19710810,,6422100,FISCAL@TRIBANCO.COM.BR,34,30033366,MONICA YUKARI FUKAZAWA KITAHARA | ALEX SISMON LEME | FERNANDA CANESIN | MARCO TULIO DA SILVA | MARIO JOSE NAVES ATTIE | LUIZ HENRIQUE GUIMARAES DE FREITAS | JULIO CESAR RODRIGUES DA SILVA,0,0,0,0,0,,https://www.tribanco.com.br,erro: 'candidates'
INCUMBENTE,Banco Múltiplo,57839805000140,BANCO TRICURY S.A.,TRICURY,SP,7107,02,20051103,19870811,,6431000,RDIAS@BANCOTRICURY.COM.BR,11,50808000,JOSE ROBERTO CURY | JORGE CURY NETO | CARLOS EDUARDO GIUGNI,0,0,0,0,0,,https://www.bancotricury.com.br,erro: 'candidates'
INCUMBENTE,Banco Múltiplo,32062580000138,BANCO UBS (BRASIL) S.A.,"",SP,7107,02,20051103,19880629,,6422100,OL-TAX-BR@UBS.COM,11,37016371,MARCELO AUGUSTO RAMOS | MILENA WEISS ALOISI | MARCELLO ANTONIO CHILOV LUZETTI | ALINE DE MENEZES SANTOS | CAMILA ANGELI RIBEIRO | BERNARDO DE AZEVEDO SILVA ROTHE | BETINA MACHADO FERRAZ | DANIEL BASSAN | DIOGO VINICIUS DE MORAIS LIMA,0,0,0,0,0,,https://www.ubs.com,erro: 'candidates'
INCUMBENTE,Banco Múltiplo,59109165000149,BANCO VOLKSWAGEN S.A.,"",SP,7107,02,20051103,19660823,,6431000,PAULO.HENRIQUE.SILVA@VWFS.COM,"","",RODRIGO OTAVIO ROCHA CAPURUCO | LUIS FABIANO ALVES PENTEADO | MURILO AZEVEDO BRUNO | MARIANA PAMPLONA PASCHOAL,0,0,0,0,0,,https://www.bancovw.com.br,"Não foram encontradas evidências de que o 'BANCO VOLKSWAGEN S.A.' tenha anunciado, lançado ou esteja construindo algo em criptoativos, ativos virtuais, tokenização, stablecoin ou Drex no período de 2024 a 2026 nas informações consultadas."
INCUMBENTE,Banco Múltiplo,58017179000170,BANCO VOLVO BRASIL S.A.,BANCO VOLVO,PR,7535,02,20031004,19870929,,6431000,VFSBRASIL@VOLVO.COM,41,33178374,EDSEL GUIDI FILHO | FELIPE ILG BRANDAO | HENRIQUE FERREIRA BORGES | SILVIA RETTIE PENNER GERBER,0,0,0,0,0,,https://www.volvo.com,"Não há evidências encontradas de que o 'BANCO VOLVO BRASIL S.A.' tenha anunciado, lançado ou esteja construindo algo em criptoativos, ativos virtuais, tokenização, stablecoin ou Drex no período de 2024 a 2026. As menções a testes com criptomoedas pelo Grupo Volvo são para uso interno em pagamentos a fornecedores em uma rede blockchain fechada e estão em fase experimental, não sendo uma iniciativa pública do Banco Volvo Brasil S.A.."
INCUMBENTE,Banco Múltiplo,78626983000163,BANCO VR S.A.,BVR,SP,7107,02,20051103,19690306,,6422100,FISCAL@VR.COM.BR,11,41344100,MARCIO DEL NERO | URY RABINOVITZ,0,0,0,0,0,,https://www.bancovr.com.br,"Não foram encontradas informações diretas que indiquem que o BANCO VR S.A. tenha anunciado, lançado ou esteja construindo algo em criptoativos, ativos virtuais, tokenização, stablecoin ou Drex no período de 2024 a 2026 nos resultados das buscas realizadas."
INCUMBENTE,Banco Múltiplo,15357060000133,BANCO WOORI BANK DO BRASIL S.A.,WOORI BANK BRASIL,SP,7107,02,20120330,20120330,,6422100,"",11,35113300,JUNGWOO NAM | DAE HYUK KIM | YONGBIN LEE,0,0,0,0,0,,https://www.wooribank.com.br,erro: 'candidates'
INCUMBENTE,Banco Múltiplo,36658769000149,BANCO XCMG BRASIL S.A.,BANCO XCMG,MG,5049,02,20200312,20200312,,6431000,TRIBUTOS@BANCOXCMG.COM.BR,35,31121900,LEILEI ZHU | SICHENG ZHANG,0,0,0,0,0,,https://www.bancoxcmg.com.br,"Não foram encontradas evidências de que o 'BANCO XCMG BRASIL S.A.' tenha anunciado, lançado ou esteja construindo algo em criptoativos, ativos virtuais, tokenização, stablecoin ou Drex no período de 2024 a 2026 nas informações consultadas."
INCUMBENTE,Banco Múltiplo,33264668000103,BANCO XP S.A.,"",RJ,6001,02,20190405,20190405,,6422100,CONTROLADORIA@XPI.COM.BR,11,30750427,FABRICIO CUNHA DE ALMEIDA | THIAGO SIMOES MAFFRA | JOSE DE MENEZES BERENGUER NETO | LEONARDO ANTONIO CARDOSO | CRISTIANO MARON AYRES,0,0,0,0,0,,https://xp.inc,erro: 'candidates'
INCUMBENTE,Banco Múltiplo,28127603000178,BANESTES S.A. BANCO DO ESTADO DO ESPIRITO SANTO,BANESTES,ES,5705,02,20051103,19660808,,6422100,SECRE@BANESTES.COM.BR,27,33831588,SILVIO HENRIQUE BRUNORO GRILLO | FERNANDO VALLI CARDOSO | CARLOS ARTUR HAUSCHILD | MARCOS VINICIUS NUNES MONTES | JOSEANE DE FATIMA GERALDO ZOGHBI | VICENTE LOPES DUARTE | RAFAEL ZIBETTI | BENEDITO DE JESUS PIMENTEL,0,0,0,0,0,,https://www.banestes.com.br,erro: 'candidates'
INCUMBENTE,Banco Múltiplo,62073200000121,BANK OF AMERICA MERRILL LYNCH BANCO MÚLTIPLO S.A.,BANK OF AMERICA MERRILL LYNCH BANCO MULTIPLO S.A.,SP,7107,02,20051103,19680528,,6422100,DG.TAX_LITIGATION@BOFA.COM,11,21884000,NUNO FILIPE DE MACEDO MARTINS | EDUARDO ALCALAY | DANIEL FAZZOLARI | MARCELO ANCAO CHIOVATTO | EDUARDO BIANCHI ROLIM | FLAVIO PINHEIRO CORSINI | AFONSO AUGUSTO DE AZEVEDO SOARES | BRUNO CESAR DE CASTILHOS SARAIVA | DANIEL YUDI SASAHARA KONDO | CRISTIANA BRUSCHINI ALVES COSTA | CARLOS AUGUSTO HAWTHORNE | ANA CAROLINA PALMERIO GENNARI,0,0,0,0,0,,https://www.bofabrasil.com.br,erro: 'candidates'
INCUMBENTE,Banco Múltiplo,07450604000189,BANK OF CHINA (BRASIL) BANCO MÚLTIPLO S/A,BOC BRASIL,SP,7107,02,20051103,19720718,,6422100,COMPLIANCE.COMEXT@BOCBRASIL.COM.BR,11,21739000,DANIEL JOSEPH MCQUOID | HERALDO GILBERTO DE OLIVEIRA | CLAUDIO AUGUSTO ROTOLO | GUANGHUA ZHANG | DEMING LI | LEI XU | HSIA HUA SHENG,0,0,0,0,0,,https://www.bocbrasil.com.br,"As buscas realizadas não indicam que a instituição financeira 'BANK OF CHINA (BRASIL) BANCO MÚLTIPLO S/A' anunciou, lançou ou está construindo algo em criptoativos, ativos virtuais, tokenização, stablecoin ou Drex no período de 2024 a 2026."
INCUMBENTE,Sociedade Distribuidora de TVM,58006471000197,BARU DISTRIBUIDORA DE TÍTULOS E VALORES MOBILIÁRIOS LTDA.,BASE DTVM,RS,8801,02,20241106,20241106,,6612602,BARUDTVM@GMAIL.COM,51,01001000,FERNANDA LIGOCKI ZEN RUTZEN | PAULA BENEDETTI RUTZEN | MARCELO ALVES VAREJAO | NICOLAS TAKEO DE PAULA | SABRINA RIBEIRO MOLINA | GIOVANA CAVALCANTI FERME | RAFAEL AUGUSTO DA SILVA,0,0,0,0,0,,https://basedtvm.com.br,erro: 'candidates'
INCUMBENTE,Banco de Investimento,24933830000130,BB-BANCO DE INVESTIMENTO S/A,BB-BI,SP,7107,02,20051103,19881004,,6432800,BBBI.GOV@BB.COM.BR,11,42987042,RAFAEL MACHADO GIOVANELLA | GERALDO MORETTO JUNIOR | NILDO RIBEIRO DO ROSARIO NETO | GUSTAVO EDMAR DE FARIA MOURA | MARIO ROBERTO PERRONE LOPES | FREDERICO DE MORAIS ANDRADE COUTINHO | ALINE BUENO RIBEIRO DIAS | GILMAR DALILO CEZAR WANDERLEY | FABIO HENRIQUE BITTES TERRA | LEONARDO SILVA DE LOYOLA REIS | WILSA FIGUEIREDO,0,0,0,0,0,,https://www.bb.com.br,erro: 'candidates'
INCUMBENTE,Sociedade Distribuidora de TVM,54541468000112,BCP SECURITIES DISTRIBUIDORA DE TÍTULOS E VALORES MOBILIÁRIOS LTDA.,"",RJ,6001,02,20240401,20240401,,6612602,BORLANDINI@BCPSECURITIES.COM,21,22274160,"LEONARDO MEDEIROS DIVINO DOS SANTOS | BRUNO BUSSADORI ORLANDINI | BCP SECURITIES, INC. | THAIANA CAISA GOMES DA CONCEICAO SILVA",0,0,0,0,0,,https://bcpdtvm.com.br,erro: 'candidates'
INCUMBENTE,Sociedade Distribuidora de TVM,07299480000182,BEC DISTRIBUIDORA DE TITULOS E VALORES MOBILIARIOS LTDA.,"",SP,6789,02,20051103,19690113,,6612602,"",11,36845122,BANCO BRADESCO BERJ S.A. | CLAYTON NEVES XAVIER | GUILHERME MULLER LEAL | LUIS CLAUDIO DE FREITAS COELHO PEREIRA | MARCOS DANIEL BOLL | VINICIUS PANARO | ANTONIO CAMPANHA JUNIOR | DANILO LUIS DAMASCENO | RICARDO BARBIERI DE ANDRADE | PATRICIA KESSLER DE ASSUMPCAO | CRISTIANO ADJUTO E CAMPOS | CRISTIANO GOMES DE MOURA | MARCOS ALEXANDRE PINA CAVAGNOLI,0,0,0,0,0,,https://www.bradesco.com.br,erro: 'candidates'
INCUMBENTE,Sociedade Distribuidora de TVM,00066670000100,BEM - DISTRIBUIDORA DE TITULOS E VALORES MOBILIARIOS LTDA,BEM DTVM,SP,6789,02,20050604,19681021,,6612602,"",11,36845122,BANCO BRADESCO BBI S.A. | GUILHERME MULLER LEAL | LUIS CLAUDIO DE FREITAS COELHO PEREIRA | MARCOS DANIEL BOLL | VINICIUS PANARO | ANTONIO CAMPANHA JUNIOR | DANILO LUIS DAMASCENO | RICARDO BARBIERI DE ANDRADE | PATRICIA KESSLER DE ASSUMPCAO | CLAYTON NEVES XAVIER | CRISTIANO ADJUTO E CAMPOS | CRISTIANO GOMES DE MOURA | MARCOS ALEXANDRE PINA CAVAGNOLI,0,0,0,0,0,,https://www.bradesco.com.br,erro: 'candidates'
INCUMBENTE,Sociedade Distribuidora de TVM,33862244000132,BGC LIQUIDEZ DISTRIBUIDORA DE TÍTULOS E VALORES MOBILIÁRIOS LTDA,"",RJ,6001,02,20051103,19710301,,6612602,"",21,22409180,"BGC BRAZIL HOLDINGS LIMITADA | BGC BRAZIL HOLDINGS, LLC | MARCELO DOS SANTOS | CARLOS EDUARDO SINCLAIR LYRA MAGALHAES | ERMINIO OLIVI LUCCI",0,0,0,0,0,,https://www.bgcliquidez.com,"Não foram encontradas evidências de que a BGC LIQUIDEZ DISTRIBUIDORA DE TÍTULOS E VALORES MOBILIÁRIOS LTDA tenha anunciado, lançado ou esteja construindo algo em criptoativos, ativos virtuais, tokenização, stablecoin ou Drex no período de 2024 a 2026."
INCUMBENTE,Sociedade Distribuidora de TVM,08030215000167,BMG S.A. DISTRIBUIDORA DE TÍTULOS E VALORES MOBILIÁRIOS,BMG S.A. DTVM,SP,7107,02,20051103,19720126,,6612602,FISCAL@BANCOBMG.COM.BR,11,00000001,FLAVIO PENTAGNA GUIMARAES NETO | ROBERTO FONSECA SIMOES FILHO | CARLOS ANDRE HERMESINDO DA SILVA | LUIS FELIX CARDAMONE NETO | FELICE ITALO NAPOLITANO | JOAO GUILHERME DE ANDRADE SO CONSIGLIO | EDUARDO VASCONCELOS ANTONIO | ANDREA MILAN DOS SANTOS | LUCIANA BUCHMANN FREIRE | LAURO LEITE SILVA | RICARDO TADASHI TAKEYAMA | EDILSON PEREIRA JARDIM,0,0,0,0,0,,https://www.bancobmg.com.br,erro: 'candidates'
INCUMBENTE,Sociedade Distribuidora de TVM,02201501000161,BNY MELLON SERVIÇOS FINANCEIROS DISTRIBUIDORA DE TÍTULOS E VALORES MOBILIÁRIOS S.A.,"",RJ,6001,02,20050903,19971028,,6612602,SAC@BNYMELLON.COM.BR,21,32192500,MARCUS VINICIUS MATHIAS PEREIRA | EDUARDO ADRIANO KOELLE | PETERSON ANTONIO DA PAZ | MATILDE FREITAS DA COSTA | RODRIGO BOVO PERES,0,0,0,0,0,,https://www.bnymellon.com.br,"Não há evidências diretas que a BNY MELLON SERVIÇOS FINANCEIROS DISTRIBUIDORA DE TÍTULOS E VALORES MOBILIÁRIOS S.A. (entidade brasileira) anunciou, lançou ou está construindo algo em criptoativos, ativos virtuais, tokenização, stablecoin ou Drex no período de 2024-2026. As informações encontradas referem-se a atividades da controladora global BNY Mellon."
INCUMBENTE,Sociedade Corretora de Câmbio,06373777000188,BOA VIAGEM SOCIEDADE CORRETORA DE CÂMBIO LTDA.,"",PE,2531,02,20220107,20040706,,6612603,"",81,33439194,BORIS SA BARRETO | IARA FERREIRA DE ALMEIDA | BRUNO FERREIRA DE ALMEIDA | JOSE MARIA DE ALMEIDA | ANA PAULA MOREIRA GUEDES | ARTHUR TILLMANN MAIA NETTO | PAULO GUSTAVO FERREIRA MAIA JUNIOR | MARIA DE LOURDES FERREIRA MAIA | ENIO LACERDA MENDONCA,0,0,0,0,0,,"",erro: 'candidates'
INCUMBENTE,Sociedade Distribuidora de TVM,69720894000190,BOC BRASIL DISTRIBUIDORA DE TÍTULOS E VALORES MOBILIÁRIOS S/A,BOC BRASIL DTVM,SP,7107,02,20021005,19930331,,6612602,COMPLIANCE.COMEXT@BOCBRASIL.COM.BR,11,21739000,LEI XU | DEMING LI | CLAUDIO AUGUSTO ROTOLO,0,0,0,0,0,,https://www.bocbrasil.com.br,erro: 'candidates'
INCUMBENTE,Sociedade Corretora de TVM,15213150000150,BOCOM BBM CORRETORA DE CÂMBIO E VALORES MOBILIÁRIOS S.A.,"",BA,3849,02,20051103,19690212,,6612601,SRF-SSA@BOCOMBBM.COM.BR,71,32432666,LEONARDO FREITAS OLIVEIRA | ALEXANDRE LOWENKRON | MONIQUE VERBOONEN DE CARVALHO | LUIZ AUGUSTO MAFFAZIOLI GUIMARAES | ALEXANDRE MOSCOSO CABRAL | CASSIO FERNANDO VON GAL | PETER KURTHY WANDERLEY,0,0,0,0,0,,https://www.bocombbm.com.br,erro: 'candidates'
INCUMBENTE,Sociedade Corretora de TVM,27842177000191,"BPY CORRETORA DE CÂMBIO, TÍTULOS E VALORES MOBILIÁRIOS S.A.","",SP,7107,02,20170529,20170529,,6612603,FINANCEIRO@BPY.GLOBAL,11,29702943,EMERSON MARCHIORI DA SILVA | SUSI PATRICIA FERRARI | ALEXANDRE FERRARI,0,0,0,0,0,,https://www.bpy.global,erro: 'candidates'
INCUMBENTE,Banco de Investimento,13220493000117,BR PARTNERS BANCO DE INVESTIMENTO S.A.,"",SP,7107,02,20110207,20110207,,6432800,FINANCEIRO@BRPARTNERS.COM.BR,11,37041000,SERGIO CARBONE | MARCELO NOBREGA DA COSTA | RICARDO FLEURY CAVALCANTI DE ALBUQUERQUE LACERDA | DANILO DEPIERI CATARUCCI | JAIRO EDUARDO LOUREIRO FILHO | JEFFERSON DO COUTO KASA | LEONARDO JOSE FERREIRA | JOSE FLAVIO FERREIRA RAMOS | ALVARO PINTO DE AGUIAR NETO | JOSE RAFAEL NUNES LISBOA | RODRIGO AMORIM RIBEIRO DE MORAES | GUSTAVO PACHIONE GUEDES | BACHIR SAMIR EL CHAOUICHE | MARCELLA COSELLI MARCONDES DA VEIGA PEREIRA | BRUNO TSUJI | CLAUDIO RODRIGUES TIBAU | GIOVANA NONATO PETRILLI,0,0,0,0,0,,https://www.brpartners.com.br,erro: 'candidates'
INCUMBENTE,Sociedade Distribuidora de TVM,44077014000189,BR-CAPITAL DISTRIBUIDORA DE TÍTULOS E VALORES MOBILIÁRIOS S.A.,UNITAS,SP,7107,02,20051103,19741024,,6612602,BRCAPITAL@BRCAPITAL.COM.BR,11,55083500,JOAO DA ROCHA LIMA JUNIOR | CARLOS ALBERTO DA ROCHA LIMA | CAROLINA ANDREA GARISTO GREGORIO | CARLOS ORLANDELLI LOPES | REGINA MARIA SOUSA MACHADO | CRISTIANE BUENO DE CAMARGO,0,0,0,0,0,,https://www.brcapital.com.br,erro: 'candidates'
INCUMBENTE,Banco Múltiplo,00000208000100,BRB - BANCO DE BRASILIA S.A.,BRB,DF,9701,02,20051103,19660804,,6422100,FALECONOSCO@BRB.COM.BR,61,33221515,NELSON ANTONIO DE SOUZA | TUNAS DE SOUSA SOARES FERREIRA | ANA PAULA TEIXEIRA DE SOUSA | ANTONIO JOSE BARRETO DE ARAUJO JUNIOR | HUGO ANDREOLLY ALBUQUERQUE COSTA SANTOS | BRUNO DE OLIVEIRA WATANABE | HELLEN FALCAO DE CARVALHO | JANIELE QUEIROZ MENDES CAROBA,0,0,0,0,0,,https://novo.brb.com.br,erro: 'candidates'
INCUMBENTE,Sociedade Distribuidora de TVM,33850686000169,BRB - DISTRIBUIDORA DE TITULOS E VALORES MOBILIARIOS SA,"",DF,9701,02,20051103,19731213,,6612602,OCORRENCIASDTVM@BRB.COM.BR,61,34092038,EMERSON VASCONCELOS RIZZA | KELLEN KRIS ALVES FLORES BRITO | CYNTHIA JUDITE PERCIANO BORGES,0,0,0,0,0,,https://www.brb.com.br,"Não foram encontradas informações indicando que a 'BRB - DISTRIBUIDORA DE TITULOS E VALORES MOBILIARIOS SA' tenha anunciado, lançado ou esteja construindo algo em criptoativos, ativos virtuais, tokenização, stablecoin ou Drex no período de 2024 a 2026."
INCUMBENTE,Sociedade Corretora de Câmbio,17904906000133,BRX SOCIEDADE CORRETORA DE CÂMBIO LTDA.,BRX CAMBIO,RJ,6001,02,20130410,20130410,,6612603,GILSON.MAIOR@BRXCAMBIO.COM.BR,21,34440379,LUIZ CARLOS FARIA JULIO | GILSON PINHEIRO SOUTO MAIOR,0,0,0,0,0,,https://www.brxcambio.com.br,erro: 'candidates'
INCUMBENTE,Sociedade Corretora de Câmbio,73622748000108,BT CORRETORA DE CÂMBIO LTDA.,B&T CORRETORA DE CAMBIO LTDA,SP,7107,02,20010714,19931027,,6612603,JURIDICO@BTCORRETORA.COM.BR,11,99999999,TULIO FERREIRA DOS SANTOS JUNIOR | B&T PARTICIPACOES S.A. | LUCIANA FATIMA MONTOZO LIMA,0,0,0,0,0,,https://www.btcambio.com.br,erro: 'candidates'
INCUMBENTE,Sociedade Distribuidora de TVM,59281253000123,BTG PACTUAL SERVIÇOS FINANCEIROS S.A. DISTRIBUIDORA DE TÍTULOS E VALORES MOBILIÁRIOS,SISTEMA,RJ,6001,02,20051103,19660817,,6612602,OL-CARTAOCNPJ@BTGPACTUAL.COM,21,32629600,MARIANA BOTELHO RAMALHO CARDOSO | BRUNO DUQUE HORTA NOGUEIRA | ANDRE FERNANDES LOPES DIAS | GUSTAVO COTTA PIERSANTI | IURI RAPOPORT | RENATO HERMANN COHN | CHRISTIAN FLEMMING | VINICIUS THOMAZ DA ROCHA,0,0,0,0,0,,https://www.btgpactual.com,erro: 'candidates'
INCUMBENTE,Sociedade Distribuidora de TVM,42040639000140,CAIXA DISTRIBUIDORA DE TÍTULOS E VALORES MOBILIÁRIOS S.A.,CAIXA DTVM,SP,7107,02,20210414,20210414,,6612602,DITVM@CAIXA.GOV.BR,11,35724600,RICARDO RIOS ARAUJO | CARLOS ALBERTO ZACHERT | ANDERSON LUIZ PEREIRA DE PAULA,0,0,0,0,0,,https://www.caixa.gov.br,erro: 'candidates'
INCUMBENTE,Sociedade Distribuidora de TVM,62237649000188,CAROL DISTRIBUIDORA DE TITULOS E VALORES MOBILIARIOS LTDA.,CAROL DTVM,SP,7107,02,20031004,19710805,,6612602,CAROLDTVM@CAROLDTVM.COM.BR,11,22278899,KLEBER ROBLES | ARNALDO ROBLES FILHO | ALEX SANDRO OLTRAMARI | ALDESIR NARDINO,0,0,0,0,0,,https://www.caroldtvm.com.br,erro: 'candidates'
INCUMBENTE,Sociedade Distribuidora de TVM,47215387000167,CATÁLISE DISTRIBUIDORA DE TÍTULOS E VALORES MOBILIÁRIOS LTDA,"",PR,7535,02,20220720,20220720,,6612602,FINANCEIRO@CATALISEINVESTIMENTOS.COM,41,30148484,FALCON HOLDING FINANCEIRA S.A. | MARCELO AKIRA AOKI | ADRIANA MARTINS | ANDRE LUIS FAUTH | LUCIANO ZANLORENZI | SANDER ROGERIO GONCALVES SILVA,0,0,0,0,0,,https://www.cataliseinvestimentos.com,erro: 'candidates'
INCUMBENTE,Sociedade Corretora de TVM,07554076000108,CGD INVESTIMENTOS CORRETORA DE VALORES E CÂMBIO S.A.,"",SP,7107,02,20050713,20050713,,6612601,JURIDICO@BCGBRASIL.COM.BR,11,35099300,MARTIN CORDEIRO ARRANZ | RAFAEL FERRAO D ACOSTA,0,0,0,0,0,,https://www.bcgbrasil.com.br,erro: 'candidates'
INCUMBENTE,Sociedade Distribuidora de TVM,33868597000140,CITIBANK DISTRIBUIDORA DE TITULOS E VALORES MOBILIARIOS S.A,"",SP,7107,02,20051103,19711208,,6612602,CONTATOCNPJ@CITI.COM,11,40090000,EDUARDO MISZPUTEN | ADALBERTO TRIPOLI BARBOSA | ADRIANO MARQUES MILANI | RICARDO MEISTER MARTINS | ANDRE DEL BEL CURY | FREDERICO LEONEL BARBOSA DA SILVA | MIGUEL FACO QUEEN | RONALDO GOUVEA CUNHA | VICTOR FRIAS DE OLIVEIRA ALGE | ALINE CORREA DE MEO FERREIRA | GLAUCO SATO BARBOSA | RAPHAEL DOGANI DE ARAUJO | LUIS FELIPE WEST OFFA | MARTIN JOSE GERMAN GARCIA | JOSE ALBERTO PAGGIANELLA BENAMOR,0,0,0,0,0,,https://www.citibank.com.br,erro: 'candidates'
INCUMBENTE,Banco Comercial Estrangeiro - Filial no país,33042953000171,CITIBANK N.A.,"CITIBANK, N.A. - FILIAL BRASILEIRA",SP,7107,02,20051103,19660808,,6421200,"","","",,0,0,0,0,0,,https://www.citibank.com.br,erro: 'candidates'
INCUMBENTE,Sociedade Corretora de TVM,33709114000164,"CITIGROUP GLOBAL MARKETS BRASIL, CORRETORA DE CÂMBIO, TÍTULOS E VALORES MOBILIÁRIOS S.A.","",SP,7107,02,20051103,19730405,,6612603,CONTATOCNPJ@CITI.COM,11,40090000,EDUARDO MISZPUTEN | MARCELO MILLEN | ADALBERTO TRIPOLI BARBOSA | ADRIANO MARQUES MILANI | RICARDO MEISTER MARTINS | VICTOR FRIAS DE OLIVEIRA ALGE | ANDRE DEL BEL CURY | FREDERICO LEONEL BARBOSA DA SILVA | MIGUEL FACO QUEEN | RONALDO GOUVEA CUNHA | ALINE CORREA DE MEO FERREIRA | GLAUCO SATO BARBOSA | RAPHAEL DOGANI DE ARAUJO | LUIS FELIPE WEST OFFA | MARTIN JOSE GERMAN GARCIA | JOSE ALBERTO PAGGIANELLA BENAMOR,0,0,0,0,0,,https://www.citibank.com.br,erro: 'candidates'
INCUMBENTE,Sociedade Corretora de TVM,02685483000130,"CM CAPITAL MARKETS CORRETORA DE CÂMBIO, TÍTULOS E VALORES MOBILIÁRIOS LTDA","",SP,7107,02,20001123,19980819,,6612601,CONTABILIDADE@CMCAPITAL.COM.BR,11,38421122,"CM CAPITAL MARKETS EUROPE, S.A. | CM CAPITAL MARKETS LATINAMERICA, S.A. | MAURO DE ANDRADE | BRUNO BOZON FURLAN | ALEXANDRE NOGUEIRA JAHNECKE | WAGNER DE MELLO DOROTEIO | JOSE EDUARDO BARROS",0,0,0,0,0,,https://www.cmcapital.com.br,erro: 'candidates'
INCUMBENTE,Sociedade Distribuidora de TVM,00460065000110,COLUNA S/A DISTRIBUIDORA DE TITULOS E VALORES MOBILIÁRIOS,"",RJ,6001,02,20020202,19950216,,6612602,LUIZ.LIMA@COLUTADTVM.COM.BR,21,25050300,MARCELLE MASCARO NARDINO | ANTONIO SOLIZ SOARES | LUIZ CARLOS SOUSA LIMA,0,0,0,0,0,,https://www.colunadtvm.com.br,erro: 'candidates'
INCUMBENTE,Sociedade Corretora de Câmbio,15168152000175,CONSEGTUR CORRETORA DE CÂMBIO LTDA.,CONSEGTUR CORRETORA,SP,7107,02,20120308,20120308,,6462000,ADMINISTRACAO@CONSEGTUR.COM.BR,11,21495858,MARIO MASAGAO NETO | BALLEY ADMINISTRACAO DE BENS PROPRIOS LTDA | FRANCISCA VIEITAS VERGUEIRO | ALEX JORGE BONFIM DA SILVA,0,0,0,0,0,,https://www.consegturcorretora.com.br,erro: 'candidates'
INCUMBENTE,Sociedade Corretora de Câmbio,80202872000171,CORREPARTI SOCIEDADE CORRETORA DE CÂMBIO LTDA.,CORREPARTI,PR,7885,02,20051103,19870720,,6612603,CORREPARTI@CORREPARTI.COM.BR,41,30133000,PAULO ROBERTO ESQUELBEK | ALUIZIO GOMES DA SILVA | JEFFERSON LUIZ RUGIK | SUELI DO ROCIO ESQUELBEK,0,0,0,0,0,,https://correparti.com.br,"Não foram encontradas informações indicando que a 'CORREPARTI SOCIEDADE CORRETORA DE CÂMBIO LTDA.' anunciou, lançou ou está construindo algo em criptoativos, ativos virtuais, tokenização, stablecoin ou Drex no período de 2024 a 2026 nas fontes consultadas."
INCUMBENTE,Sociedade Corretora de TVM,92858380000118,CORRETORA GERAL DE VALORES E CÂMBIO LTDA,GERAL INVESTIMENTOS,RS,8801,02,20220614,19651231,,6612601,"","","",EDE ANTONIO GASPERIN | EDIR GASPERIN | ELOY SANTO GASPERIN | ELVO GASPERIN | JOAO FRANCISCO SUMMIENSKI | DENISE GASPERIN GELAIN | MAURO GASPERIN GELAIN | SANDRO LUIS SANTOS MONACO | ELOIZA DO CANTO GASPERIN | ENZO DO CANTO GASPERIN | ROSMARIE BRENNER GASPERIN,0,0,0,0,0,,https://www.geralinvestimentos.com.br,erro: 'candidates'
INCUMBENTE,Sociedade Distribuidora de TVM,50286774000107,CV INVESTIMENTOS DISTRIBUIDORA DE TÍTULOS E VALORES MOBILIÁRIOS LTDA.,"",SP,7107,02,20230412,20230412,,6612602,CV_DOCUSIGN@CVPAR.COM.BR,85,81011150,CLAUDIO HENRIQUE DO VALE VIEIRA | JONATAS MONTEIRO ORTEGA | SIBERIO JOSE DA SILVA | PHYLIPE CORSINI MOURA | MARIO SEGANTI ATHAYDE JUNIOR,0,0,0,0,0,,https://cvpar.com.br,"Não foram encontradas evidências de que a 'CV INVESTIMENTOS DISTRIBUIDORA DE TÍTULOS E VALORES MOBILIÁRIOS LTDA.' tenha anunciado, lançado ou esteja construindo algo em criptoativos, ativos virtuais, tokenização, stablecoin ou Drex no período de 2024 a 2026, com base nas informações disponíveis."
INCUMBENTE,Sociedade Corretora de Câmbio,65645137000149,DASCAM SOCIEDADE CORRETORA DE CÂMBIO LTDA.,"",SP,7107,02,20051103,19910313,,6612603,DASCAM.CORRETORA@DASCAM.COM.BR,11,31129292,NILO MOREIRA DA SILVA | SERGIO LUIZ BASTOS BROTTO | ANTONIO D AMICO,0,0,0,0,0,,https://www.dascam.com.br,"Não há evidências de que a DASCAM SOCIEDADE CORRETORA DE CÂMBIO LTDA. tenha anunciado, lançado ou esteja construindo algo em criptoativos, ativos virtuais, tokenização, stablecoin ou Drex no período de 2024 a 2026. O CEO da Dascam, Sérgio Brotto, publicou um artigo em julho de 2026 discutindo as medidas do Banco Central em relação ao câmbio para importação de ativos virtuais, indicando a atuação da empresa na compreensão e adaptação ao cenário regulatório de ativos virtuais no mercado de câmbio, mas não o desenvolvimento de produtos próprios."
INCUMBENTE,Sociedade Corretora de TVM,49241570000162,DAYCOVAL CORRETORA DE TÍTULOS E VALORES MOBILIÁRIOS LTDA.,DAYCOVAL CTVM,SP,7107,02,20230118,20230118,,6612601,"",11,31381201,MORRIS DAYAN | SALIM DAYAN | ALEXANDRE RHEIN | ERICK WARNER DE CARVALHO | MARCOS ALEXANDRE LYRA | MARIA REGINA RODRIGUES MACIEL NOGUEIRA | PAULO AUGUSTO LUZ FERREIRA SABA | BANCO DAYCOVAL S.A. | ADELY DAYAN HAMOUI | GAD DISI | LUIZ ALEXANDRE CADORIN,0,0,0,0,0,,https://www.bancodaycoval.com.br,erro: 'candidates'
INCUMBENTE,Banco Múltiplo,43818780000194,DAYCOVAL LEASING - BANCO MÚLTIPLO S.A.,DAYCOVAL LEASING,SP,7107,02,20041016,19730814,,6431000,FISCAL@BANCODAYCOVAL.COM.BR,11,41661800,MORRIS DAYAN | SALIM DAYAN | MARIA REGINA RODRIGUES MACIEL NOGUEIRA | RICARDO MAXIMO NOBREGA FERNANDES | PAULO AUGUSTO LUZ FERREIRA SABA | ALEXANDRE RHEIN | ALEXANDRE TEIXEIRA,0,0,0,0,0,,https://www.daycoval.com.br,erro: 'candidates'
INCUMBENTE,Sociedade Distribuidora de TVM,77162881000171,DEBONI DISTRIBUIDORA DE TITULOS E VALORES MOBILIARIOS LTDA,"",PR,7535,02,20010120,19760519,,6612602,"",41,30151557,RITA DE CASSIA MARINS DALLAGO | DIRCEU ROVEDA DEBONI | FABIANO ROVEDA DEBONI | ANTONIO DEBONI NETO | JOAO EDUARDO MARINS,0,0,0,0,0,,https://www.debonicambio.com.br,erro: 'candidates'
INCUMBENTE,Banco Múltiplo,62331228000111,DEUTSCHE BANK S.A. - BANCO ALEMAO,DEUTSCHE BANK,SP,7107,02,20051103,19690113,,6422100,BRTAX@LIST.DB.COM,11,31450940,RUI FERNANDO RAMOS ALVES | GUILHERME BERNASCONI DANIEL | RICARDO ANDRADE CUNHA | EDUARDO SAITO | JAIME CASTROMIL LASSALA | ELAINE APARECIDA DO NASCIMENTO | MATEUS PRAXEDES SOUZA | LUIS FLAVIO MUZZI MENDES,0,0,0,0,0,,https://www.deutsche-bank.com.br,erro: 'candidates'
INCUMBENTE,Banco Múltiplo,23511655000120,DEUTSCHE SPARKASSEN LEASING DO BRASIL BANCO MÚLTIPLO S.A.,BANCO DEUTSCHE LEASING,SP,7107,02,20151021,20151021,,6431000,INSTITUCIONAL@DEUTSCHE-LEASING.COM.BR,11,49495145,EDUARDO YOSHIDA PIRES PINTO | MARCELO FESTUCIA | MARCOS LAWSON CIRNE LIMA,0,0,0,0,0,,"",erro: 'candidates'
INCUMBENTE,Sociedade Distribuidora de TVM,33851064000155,DILLON S/A DISTRIBUIDORA DE TITULOS E VALORES MOBILIARIOS,"",RJ,6001,02,20051103,19680831,,6612602,lcfabbriani@dillon.com.br,21,25178020,LUIS CLAUDIO LINS FABBRIANI | FELIPE LINS FABBRIANI,0,0,0,0,0,,"",erro: 'candidates'
INCUMBENTE,Sociedade Corretora de Câmbio,76641497000199,DOURADA CORRETORA DE CÂMBIO LTDA.,"",PR,7535,02,20051103,19711227,,6612603,dourada@dourada.com.br,41,30284040,NABI KEMMEL MELLEM | RICARDO FORMIGHIERI MELLEM | RODRIGO FORMIGHIERI MELLEM | PAULO HENRIQUE ANTUNES GOUVEIA,0,0,0,0,0,,https://www.dourada.com.br,erro: 'candidates'
INCUMBENTE,Sociedade Distribuidora de TVM,89784367000157,EBADIVAL - E. BAGGIO DISTRIBUIDORA DE TÍTULOS E VALORES MOBILIÁRIOS LTDA.,EBADIVAL,PR,7535,02,20010929,19790604,,6612602,"","","",EVANA BAGGIO PORTUGAL | JOSE CARLOS BAGGIO | MARINA BAGGIO PORTUGAL,0,0,0,0,0,,https://www.ebadival.com.br,"Não foram encontradas informações sobre a participação da 'EBADIVAL - E. BAGGIO DISTRIBUIDORA DE TÍTULOS E VALORES MOBILIÁRIOS LTDA.' em criptoativos, ativos virtuais, tokenização, stablecoin ou Drex no período de 2024 a 2026 nos resultados da pesquisa."
INCUMBENTE,Sociedade Corretora de TVM,34190991000134,"EUROINVEST S.A. CORRETORA DE CÂMBIO, TÍTULOS E VALORES MOBILIÁRIOS",EUROINVEST CCTVM,SC,8367,02,20031004,19891206,,6612601,ADMINISTRATIVO@EUROCCTVM.COM.BR,21,97693586,MELINA MARIA BATISTA CODERCH | JUAN CARLOS CELESTINO CODERCH MITJANS | ADRIANA MARIA BATISTA CODERCH | MARCO ANTONIO DE MENDONCA BELMONTE | PAULO EDUARDO CANALLES,0,0,0,0,0,,"",erro: 'candidates'
INCUMBENTE,Sociedade Corretora de Câmbio,73302408000191,EXIM SOCIEDADE CORRETORA DE CÂMBIO LTDA,"",RS,8801,02,20050430,19930902,,6612603,"","","",VANDERLEI CARDOSO | RENATA DE CASTRO CARDOSO | ROSANA DE CASTRO CARDOSO | SERGIO PAULO LIMA | SANDRA LUIZA RUSCHEL MANCIO | GUILHERME ALVES GONCALVES DA SILVA,0,0,0,0,0,,https://exim.com.br,erro: 'candidates'
INCUMBENTE,Sociedade Distribuidora de TVM,08673569000120,F.D'GOLD - DISTRIBUIDORA DE TÍTULOS E VALORES MOBILIÁRIOS LTDA.,D'GOLD,SP,7107,02,20070209,20070209,,6612602,JOAO.OLIVEIRA@DGOLD.COM.BR,00,99999999,ANDERSON APARECIDO DIAS | F.D'GOLD HOLDING FINANCEIRA LTDA | CAROLINE LINS MELO MENDES | THIAGO TADEU DE ARAUJO,0,0,0,0,0,,"",erro: 'candidates'
INCUMBENTE,Sociedade Corretora de Câmbio,32648370000126,FAIR SOCIEDADE CORRETORA DE CÂMBIO S.A.,FAIR,SP,7107,02,20051103,19890321,,6612603,"",11,31912505,JOSE LAVIA JUNIOR | PEDRO OSVALDO SCATTONE JUNIOR | THAIS LUZIA LAVIA,0,0,0,0,0,,https://www.faircorretora.com.br,"Não foram encontradas evidências de que a 'FAIR SOCIEDADE CORRETORA DE CÂMBIO S.A.' tenha anunciado, lançado ou esteja construindo algo em criptoativos, ativos virtuais, tokenização, stablecoin ou Drex no período de 2024 a 2026, com base nas informações disponíveis nas fontes consultadas."
INCUMBENTE,Sociedade Distribuidora de TVM,37678915000160,FIDD DISTRIBUIDORA DE TÍTULOS E VALORES MOBILIÁRIOS LTDA.,"",SP,7107,03,20260528,20200710,,6612602,PEDRO.SALMERON@FIDDGROUP.COM,11,23914190,PEDRO SALMERON CARVALHO | BIANCA BENEDETTI GALVAO DE ARAUJO BORSATO | FIDERE PARTICIPACOES SOCIETARIAS LTDA. | ALEXANDRE NOBORU CHARA | ANA RACY PARENTE,0,0,0,0,0,,"",erro: 'candidates'
INCUMBENTE,Sociedade Distribuidora de TVM,10280601000159,FIDUCIAL DISTRIBUIDORA DE TÍTULOS E VALORES MOBILIÁRIOS LTDA.,FIDUCIAL DTVM,MG,4123,02,20080820,20080820,,6612602,CONTABIL@FIDUCIAL.COM.BR,31,21057606,ROMULO CEZAR PURRI | RICARDO MENDES PURRI | RODRIGO MENDES PURRI,0,0,0,0,0,,https://www.fiducial.com.br,"Não há evidências nos resultados da pesquisa que a 'FIDUCIAL DISTRIBUIDORA DE TÍTULOS E VALORES MOBILIÁRIOS LTDA.' tenha anunciado, lançado ou esteja construindo algo em criptoativos, ativos virtuais, tokenização, stablecoin ou Drex no período de 2024 a 2026. As informações disponíveis da empresa se referem a serviços financeiros tradicionais e cobrança."
INCUMBENTE,Sociedade Corretora de TVM,03317692000194,FINAXIS CORRETORA DE TÍTULOS E VALORES MOBILIÁRIOS S.A.,"",SP,7107,02,20001028,19990803,,6612601,CONTABILIDADE@FINAXIS.COM.BR,41,30740909,MARIA CLAUDIA BELDI | FELIPE BORGES MOREIRA | LUIS LOCASPI | FELIPE CASTRO DEZOTTI | TIAGO BARBOSA ORSONI | RONALDO HIGA SOKEI,0,0,0,0,0,,https://corretora.finaxis.com.br,"Não foram encontradas evidências de que a FINAXIS CORRETORA DE TÍTULOS E VALORES MOBILIÁRIOS S.A. tenha anunciado, lançado ou esteja construindo algo em criptoativos, ativos virtuais, tokenização, stablecoin ou Drex no período de 2024 a 2026 com base nas informações disponíveis nas buscas realizadas."
INCUMBENTE,Sociedade Distribuidora de TVM,36266751000100,FINVEST DISTRIBUIDORA DE TÍTULOS E VALORES MOBILIÁRIOS LTDA.,"",SP,7107,02,20200205,20200205,,6612602,CONTATO@FINVESTDTVM.COM.BR,11,35046800,MARCOS MORETTI | LUIS CLAUDIO GARCIA DE SOUZA | ANTONIO CORREA BOSCO,0,0,0,0,0,,https://www.finvestdtvm.com.br,"Não foram encontradas evidências diretas de que a FINVEST DISTRIBUIDORA DE TÍTULOS E VALORES MOBILIÁRIOS LTDA. tenha anunciado, lançado ou esteja construindo algo em criptoativos, ativos virtuais, tokenização, stablecoin ou Drex no período de 2024 a 2026 nos resultados da busca."
INCUMBENTE,Sociedade Corretora de Câmbio,40353377000149,FOURTRADE CORRETORA DE CÂMBIO LTDA.,FOURTRADE CORRETORA DE CAMBIO,RJ,6001,02,20051103,19911204,,6612603,CONTABILIDADE@FOURTRADE.COM.BR,21,22163084,MAURICIO COSTA | LUIZ CARLOS BALDAN | JOAO PAULO ROLA,0,0,0,0,0,,https://www.fourtrade.com.br,erro: 'candidates'
INCUMBENTE,Sociedade Distribuidora de TVM,28650236000192,GALAPAGOS CAPITAL DISTRIBUIDORA DE TÍTULOS E VALORES MOBILIÁRIOS S.A.,GLPG DTVM,SP,7107,02,20170915,20170915,,6612602,COMPLIANCE@GLPGCAPITAL.COM,11,37772088,ARNALDO AUGUSTO DEQUECH CURVELLO | ROGERIO TOLEDO GOULART | MIGUEL RUSSO NETO | RAFAEL MAEDA IDERIHA | LUIS GUSTAVO PEREIRA,0,0,0,0,0,,https://www.galapagoscapital.com,erro: 'candidates'
INCUMBENTE,Sociedade Distribuidora de TVM,10749264000104,GDC PARTNERS SERVIÇOS FIDUCIÁRIOS DISTRIBUIDORA DE TÍTULOS E VALORES MOBILIÁRIOS LTDA.,"",RJ,6001,02,20090330,20090330,,6612602,JUAREZCOSTA@DCASF.COM.BR,21,24904305,JUAREZ CELIO DA GAMA DIAS COSTA | MITSI DA GAMA DIAS COSTA | MARCIO WAGNER DA SILVA,0,0,0,0,0,,"",erro: 'candidates'
INCUMBENTE,Sociedade Corretora de TVM,05816451000115,"GENIAL INSTITUCIONAL CORRETORA DE CÂMBIO, TÍTULOS E VALORES MOBILIÁRIOS S.A.",BRASIL PLURAL,SP,7107,02,20030808,20030808,,6612601,ASSUNTOS.GERAIS@GENIAL.COM.VC,21,39233000,LUIS FELIPE LIMA COSTA | LUIS JOSE REBELLO DE RESENDE | MARCIO SOARES SIQUEIRA | MARIANA CORRELO JOBIM MALLET | RODRIGO HILTZ MARQUES | RODOLFO RIECHERT | ANDRE SCHWARTZ | ALDEIR SALVADORI | FLAVIA BARREIROS ROSALEM VICENTE | CINTIA SANT ANA DE OLIVEIRA | THENILLE CUPERTINO MOREIRA | IGHOR FELIPE DE ALMEIDA JACINTHO | ANA CLARA MONTEIRO RODRIGUES | ALEXANDRE MOREIRA CONDE | BERNARDO NOLASCO ROCHA | FABIO RODRIGO REIS OLIVEIRA | BERNARDO MARQUES DUARTE,0,0,0,0,0,,"",erro: 'candidates'
INCUMBENTE,Sociedade Corretora de Câmbio,10853017000145,GET MONEY SOCIEDADE CORRETORA DE CÂMBIO S.A.,GET MONEY,SP,7107,02,20090515,20090515,,6612603,ADMINISTRATIVO01@GETMONEY.COM.BR,11,30181880,VANESSA BLUM | EDIVALDO ROLDAO,0,0,0,0,0,,https://www.getmoney.com.br,"Não foram encontradas evidências de que a 'GET MONEY SOCIEDADE CORRETORA DE CÂMBIO S.A.' tenha anunciado, lançado ou esteja construindo algo em criptoativos, ativos virtuais, tokenização, stablecoin ou Drex no período de 2024 a 2026."
INCUMBENTE,Sociedade Distribuidora de TVM,47227569000158,GLOBAL INVESTMENT SERVICES DISTRIBUIDORA DE TÍTULOS E VALORES MOBILIÁRIOS LTDA.,"",SP,7107,02,20220720,20220720,,6612602,COMPLIANCE@MOGNODTVM.COM,11,23482000,MOGNO NEGOCIOS E PARTICIPACOES LTDA | CAIO FASANELLA KAIRALLA | NATALIA MONTE DE OLIVEIRA LIMA | EDSON MICALI JUNIOR,0,0,0,0,0,,https://www.mognodtvm.com,erro: 'candidates'
INCUMBENTE,Sociedade Corretora de Câmbio,23010182000187,GOOD SOCIEDADE CORRETORA DE CÂMBIO LTDA.,"",RS,8801,02,20150720,20150720,,6612603,"",51,32313399,DEBORA FLORES GOMES | RC PARTICIPACOES SOCIETARIAS LTDA. | PATRICIA MOREIRA GUIMARAES | CLAUDIA MARIA SILVA DA SILVA GONCALVES,0,0,0,0,0,,https://www.goodcambio.com.br,"As buscas por informações sobre 'GOOD SOCIEDADE CORRETORA DE CÂMBIO LTDA.' (Good Câmbio) não indicam nenhum anúncio, lançamento ou construção de produtos ou serviços relacionados a criptoativos, ativos virtuais, tokenização, stablecoin ou Drex no período de 2024 a 2026."
INCUMBENTE,Sociedade Distribuidora de TVM,37800856000151,GREEN ALTERNATIVE INVESTMENTS DISTRIBUIDORA DE TÍTULOS E VALORES MOBILIÁRIOS S.A.,"",SP,7107,02,20200721,20200721,,6612602,VALERIA.TANIGUCHI@GREEN.COM.AI,11,55557820,RODRIGO COSTA MENNOCCHI | MARCELO GOMES CONDE | VALERIA MITIKO TANIGUCHI | EDUARDO GABRIEL,0,0,0,0,0,,https://www.green.com.ai,erro: 'candidates'
INCUMBENTE,Sociedade Corretora de Câmbio,24074692000180,GUITTA CORRETORA DE CAMBIO LTDA.,"",SP,7107,02,20051103,19880819,,6612603,"",11,31163500,JULIO CESAR LETRA | EDUARDO SATIRO DOS SANTOS | CLEZIO CORNETA | NICOLAS BOUTRIS DOS SANTOS | BRUNO CESAR LETRA | FABIO GONCALVES CORNETA,0,0,0,0,0,,"","Não há evidências diretas nos resultados da pesquisa que a 'GUITTA CORRETORA DE CAMBIO LTDA.' tenha anunciado, lançado ou esteja construindo algo em criptoativos, ativos virtuais, tokenização, stablecoin ou Drex no período de 2024 a 2026. As informações encontradas se referem à sua atuação como corretora de câmbio e ao cenário regulatório geral de criptoativos no Brasil no período."
INCUMBENTE,Sociedade Corretora de TVM,17312083000157,H H PICCHIONI S/A CORRETORA DE CAMBIO E VALORES MOBILIARIOS,"",MG,4123,02,20051022,19680105,,6612601,CONTABILIDADE@PICCHIONI.COM.BR,0031,02387159,HEITOR MASCARENHAS PICCHIONI | MARIVALDO COSTA CHAVES,0,0,0,0,0,,https://www.picchioni.com.br,erro: 'candidates'
INCUMBENTE,Banco de Investimento,34111187000112,HAITONG BANCO DE INVESTIMENTO DO BRASIL S.A.,"",SP,7107,02,20051103,19730731,,6432800,CONTATO@HAITONGIB.COM.BR,11,30747444,CARLOS JOSE CAETANO GUZZO | BIN XU | ROGERIO DALPIAN GRAZIOTTIN | ROGERIO PEREIRA,0,0,0,0,0,,"",erro: 'candidates'
INCUMBENTE,Sociedade Distribuidora de TVM,11406965000103,HAITONG DO BRASIL DISTRIBUIDORA DE TÍTULOS E VALORES MOBILIÁRIOS S.A.,"",SP,7107,02,20091201,20091201,,6612602,CONTATO@HAITONGIB.COM.BR,11,30747444,CARLOS JOSE CAETANO GUZZO,0,0,0,0,0,,"",erro: 'candidates'
INCUMBENTE,Sociedade Corretora de TVM,33894445000111,HAITONG SECURITIES DO BRASIL CORRETORA DE CÂMBIO E VALORES MOBILIÁRIOS S.A.,"",SP,7107,02,20051103,19730105,,6612603,CONTATO@HAITONGIB.COM.BR,11,30747444,CARLOS JOSE CAETANO GUZZO,0,0,0,0,0,,"",erro: 'candidates'
INCUMBENTE,Sociedade Distribuidora de TVM,35470647000161,HEDGEPOINT GLOBAL MARKETS DISTRIBUIDORA DE TITULOS E VALORES MOBILIÁRIOS LTDA.,HEDGEPOINT GLOBAL MARKETS,SP,6291,02,20191108,20191108,,6612602,BRZ-FINANCE@HEDGEPOINTGLOBAL.COM,11,98107447,HEDGEPOINT PARTICIPACOES FINANCEIRAS LTDA. | EDUARDO BOUZAN GUIMARAES ROEDEL | PATRICIA VILLAS BOAS AMARO,0,0,0,0,0,,https://www.hedgepointglobal.com,erro: 'candidates'
INCUMBENTE,Sociedade Distribuidora de TVM,39669186000101,HEMERA DISTRIBUIDORA DE TÍTULOS E VALORES MOBILIÁRIOS LTDA.,HEMERA DTVM,PR,7535,02,20201104,20201104,,6612602,ATENDIMENTO@HEMERADTVM.COM.BR,41,31227300,GLEYSON DOS SANTOS | EDILBERTO PEREIRA | ALSIMAR DA COSTA NESI,0,0,0,0,0,,https://www.hemeradtvm.com.br,"As informações disponíveis sobre a HEMERA DISTRIBUIDORA DE TÍTULOS E VALORES MOBILIÁRIOS LTDA. para o período de 2024 a 2026 não indicam o anúncio, lançamento ou construção de algo em criptoativos, ativos virtuais, tokenização, stablecoin ou Drex. A empresa se especializa em serviços para o mercado de capitais, como administração fiduciária, escrituração de ativos e distribuição de cotas."
INCUMBENTE,Banco Múltiplo,17453575000162,ICBC DO BRASIL BANCO MÚLTIPLO S.A.,ICBC BRASIL,SP,7107,02,20130104,20130104,,6422100,INFO@BR.ICBC.COM.CN,11,23956600,WENXIAN CHEN | SHUYI YUAN | RUIMING HAO | XIAO XIAO | YANG PENG | YONGBIN FANG | KAI XU | HONGBO LIU,0,0,0,0,0,,https://www.icbc.com.cn,erro: 'candidates'
INCUMBENTE,Sociedade Corretora de TVM,16695922000109,ID CORRETORA DE TÍTULOS E VALORES MOBILIÁRIOS S.A.,ID SERVICOS FINANCEIROS,SP,7107,02,20120808,20120808,,6612601,"",11,37041134,DAVID ROSSET | RODRIGO BALASSIANO | JONATAS CARDOSO BENIGNO DE OLIVEIRA | ERICK MARCEL PEDRAO SAYANS | LIDIANE DOS SANTOS CHICAROLLI DE SOUZA | PAULO GUILHERME SCATENA VIESTI | BEATRIZ FREITAS AZEVEDO DE CAMARGO | SAUDIR LUIZ FILIMBERTI,0,0,0,0,0,,https://idsf.com.br,"Não há evidências nos resultados da pesquisa que a 'ID CORRETORA DE TÍTULOS E VALORES MOBILIÁRIOS S.A.' tenha anunciado, lançado ou esteja construindo algo em criptoativos, ativos virtuais, tokenização, stablecoin ou Drex no período de 2024 a 2026. As informações disponíveis descrevem suas atividades em administração fiduciária, custódia e distribuição de fundos de investimento e crédito privado."
INCUMBENTE,Sociedade Corretora de TVM,31749596000150,IDEAL CORRETORA DE TÍTULOS E VALORES MOBILIÁRIOS S.A.,"",SP,7107,02,20181011,20181011,,6612601,"",11,30143545,GREGORIO LARA DOS SANTOS MATAI | LEANDRO BOLSONI | NILSON GUILHERME WIRTH MONTEIRO | PETER MULLER ROMITI KLEIN,0,0,0,0,0,,https://www.idealctvm.com.br,erro: 'candidates'
INCUMBENTE,Sociedade Distribuidora de TVM,00999403000196,INDUSTRIAL DO BRASIL DISTRIBUIDORA DE TÍTULOS E VALORES MOBILIÁRIOS LTDA.,"",SP,7107,02,20031018,19960105,,6612602,"","","",BANCO INDUSTRIAL DO BRASIL S/A | CM - INDUSTRIA E COMERCIO LTDA. | CARLOS ALBERTO MANSUR | EDUARDO BARCELOS GUIMARAES | ENRIQUE JOSE ZARAGOZA DUENA,0,0,0,0,0,,https://www.bancoindustrial.com.br,erro: 'candidates'
INCUMBENTE,Sociedade Distribuidora de TVM,34978626000199,INTEGRAL ACCESS DISTRIBUIDORA DE TÍTULOS E VALORES MOBILIÁRIOS LTDA.,"",SP,7107,02,20190924,20190924,,6612602,COMPLIANCE@INTEGRALINVEST.COM.BR,11,31039999,ANTONIO HERMANN DIAS MENEZES DE AZEVEDO | ADRIANO BONI DE SOUZA | VITOR GUIMARAES BIDETTI | CARLOS MARIO FAGUNDES DE SOUZA FILHO | MARCELO GIRAUDON | MARIA LAURA LUCCHETTI BINGEMER | DANIEL PASSOS MIRAGLIA,0,0,0,0,0,,https://www.integralaccess.com.br,erro: 'candidates'
INCUMBENTE,Sociedade Corretora de Câmbio,34265629000185,INTERCAM CORRETORA DE CÂMBIO LTDA.,INTERCAM,SP,7107,02,20051103,19710901,,6612603,"",11,32913589,ELOI DANTAS DOS SANTOS | JAIME DANTAS DOS SANTOS,0,0,0,0,0,,https://www.intercam.com.br,"Não foram encontradas evidências diretas de que a INTERCAM CORRETORA DE CÂMBIO LTDA. tenha anunciado, lançado ou esteja construindo algo em criptoativos, ativos virtuais, tokenização, stablecoin ou Drex no período de 2024 a 2026. As informações disponíveis indicam que a Intercam atua como corretora de câmbio tradicional, oferecendo serviços como intermediação, transferências internacionais e câmbio turismo."
INCUMBENTE,Banco Múltiplo,55230916000120,INTESA SANPAOLO BRASIL S.A. - BANCO MÚLTIPLO,"",SP,7107,02,20051103,19851230,,6422100,LUCIO.GARCIA@INTESASANPAOLO.COM,11,34653740,NICOLO PIAZZESE | NICCOLO MAFFEI | GIANFRANCO GIROMINI,0,0,0,0,0,,https://www.intesasanpaolobrasil.com.br,erro: 'candidates'
INCUMBENTE,Sociedade Distribuidora de TVM,15489568000195,INTRA INVESTIMENTOS DISTRIBUIDORA DE TÍTULOS E VALORES MOBILIÁRIOS LTDA,"",SP,7107,02,20220401,20120424,,6612602,INTRA@INTRAINVESTIMENTOS.COM.BR,11,31985151,PAULO ROBERTO MERCADO JUNIOR | INTRA HOLDING FINANCEIRA SA | CLAUDIA HELENA BATISTA | DOMINGA ZILDA GUIMARAES SANTOS | HEIDY FERREIRA SANTANA,0,0,0,0,0,,https://www.intrader.com.br,erro: 'candidates'
INCUMBENTE,Sociedade Corretora de Câmbio,17508380000172,INVEST SOCIEDADE CORRETORA DE CÂMBIO LTDA.,"",RS,8801,02,20130117,20130117,,6612603,LUIS@INVESTCAMBIO.COM.BR,51,21116212,DABINEI DA FONTOURA PIMENTEL | LUIS CARLOS CRUZ DE OLIVEIRA | CAROLINE CAVALHEIRO HIDALGO MARTINS,0,0,0,0,0,,https://investcambio.com.br,"Não foram encontradas evidências específicas de que a 'INVEST SOCIEDADE CORRETORA DE CÂMBIO LTDA.' tenha anunciado, lançado ou esteja construindo algo em criptoativos, ativos virtuais, tokenização, stablecoin ou Drex no período de 2024 a 2026. A instituição é listada como uma corretora de câmbio autorizada a operar pelo Banco Central do Brasil, e corretoras de câmbio podem ser autorizadas a atuar como intermediárias e custodiantes de ativos virtuais, conforme as novas regulamentações do BCB."
INCUMBENTE,Sociedade Corretora de Câmbio,45056494000164,JM CORRETORA DE CÂMBIO LTDA.,JM CORRETORA DE CAMBIO,SP,7107,02,20220128,20220128,,6612603,CONTATO@JMCORRETORADECAMBIO.COM.BR,11,31478080,MARCOS ALEXANDRE AGUSTONI | JOAO CARLOS MENDES | GEORGE LUIS LEVY MENDES,0,0,0,0,0,,https://jmcorretoradecambio.com.br,"Não foram encontradas evidências de que a 'JM CORRETORA DE CÂMBIO LTDA.' tenha anunciado, lançado ou esteja construindo algo em criptoativos, ativos virtuais, tokenização, stablecoin ou Drex no período de 2024 a 2026."
INCUMBENTE,Sociedade Corretora de Câmbio,63436443000140,KINEL FOREIGN EXCHANGE CORRETORA DE CÂMBIO LTDA.,KINEL FOREIGN EXCHANGE,SP,7107,02,20251030,20251030,,6612603,DIEGO.LIMA@TPGROUP.COM.BR,11,86274065,TOMAS MARTINS PEREZ | IGUA HOLDING FINANCEIRA LTDA | ROSEMEIRE BARBOSA ZOGBI VIEGAS,0,0,0,0,0,,https://www.tpgroup.com.br,erro: 'parts'
INCUMBENTE,Banco Múltiplo,01701201000189,KIRTON BANK S.A. - BANCO MÚLTIPLO,"",SP,6789,02,20051103,19970312,,6422100,"",11,36843884,VINICIUS URIAS FAVARAO | CASSIANO RICARDO SCARPELLI | MARCOS DANIEL BOLL | VINICIUS PANARO | ANTONIO CAMPANHA JUNIOR | DANILO LUIS DAMASCENO | CLAYTON NEVES XAVIER | CRISTIANO ADJUTO E CAMPOS | PATRICIA KESSLER DE ASSUMPCAO | MARCOS ALEXANDRE PINA CAVAGNOLI | CRISTIANO GOMES DE MOURA,0,0,0,0,0,,https://www.bradesco.com.br,erro: 'candidates'
INCUMBENTE,Sociedade Distribuidora de TVM,71590442000183,LASTRO RDV DISTRIBUIDORA DE TÍTULOS E VALORES MOBILIÁRIOS LTDA.,RDV,SP,6165,02,20000825,19930909,,6612602,"","","",MARCO AURELIO RUSSO | GINO DELLA VOLPE | GILBERTO DELLA VOLPE | ADRIANA HERNANDES | FABIANE BORTOLANCA ROSOLEM | MARCOS HENRIQUE RUSSO,0,0,0,0,0,,https://www.lastro.com.br,erro: 'candidates'
INCUMBENTE,Sociedade Distribuidora de TVM,45457891000148,LEV DISTRIBUIDORA DE TÍTULOS E VALORES MOBILIÁRIOS LTDA.,"",SP,7107,02,20220225,20220225,,6612602,MARCELO.CERIZE@INVISTALEV.COM.BR,11,56432525,MARCELO CERIZE | LEV HOLDING FINANCEIRA SA | ANELISE CERIZZE MARCONDES,0,0,0,0,0,,https://www.lev.com.vc,erro: 'candidates'
INCUMBENTE,Sociedade Corretora de TVM,50579044000196,LEVYCAM - CORRETORA DE CAMBIO E VALORES LTDA.,"",SP,7107,02,20051103,19820625,,6612603,LEVYCAM@LEVYCAM.COM.BR,11,28139600,JOAO CARLOS CANTO KNEESE,0,0,0,0,0,,https://www.levycam.com.br,erro: 'candidates'
INCUMBENTE,Sociedade Distribuidora de TVM,24361690000172,LIMINE TRUST DISTRIBUIDORA DE TÍTULOS E VALORES MOBILIÁRIOS S.A.,"",SP,7107,02,20160311,20160311,,6612602,FINANCEIRO@LIMINEDTVM.COM.BR,11,28461166,ELTON CESAR PORPINO | NIVEA MARY YOSHIDA | EDUARDO PEREIRA ROCHA,0,0,0,0,0,,https://www.liminedtvm.com.br,erro: 'candidates'
INCUMBENTE,Sociedade Distribuidora de TVM,40768766000135,LIONS TRUST DISTRIBUIDORA DE TÍTULOS E VALORES MOBILIÁRIOS LTDA.,"",SP,7107,02,20210209,20210209,,6612602,LIONSTRUST@LIONSTRUST.COM.BR,11,50535880,DANIEL FERRAZ DE ANDRADE SANCHEZ | MARCO ANTONIO BIAGIOTTI PISANI | LIONS TRUST PARTICIPACOES S.A. | CASTOAMOR SIMOES | MARCELO MAGALHAES MENDES | TATIANA NISKIER GAMPEL | ADRIANA MANTOVANI BASTOS ZUPPARDO,0,0,0,0,0,,https://www.lionstrust.com.br,erro: 'candidates'
INCUMBENTE,Sociedade Corretora de Câmbio,15122605000122,LÚMINA CORRETORA DE CÂMBIO LTDA.,LUMINA CORRETORA DE CAMBIO,BA,3849,02,20120301,20120301,,6612603,DIRETORIA@LUMINACORRETORA.COM.BR,71,32372288,IOLANDA DE SOUSA RATTMANN | ISABELLA RATTMANN QUEIROZ,0,0,0,0,0,,https://www.luminacorretora.com.br,"Não foram encontradas evidências de que a LÚMINA CORRETORA DE CÂMBIO LTDA. tenha anunciado, lançado ou esteja construindo algo em criptoativos, ativos virtuais, tokenização, stablecoin ou Drex no período de 2024 a 2026. A corretora foca em operações de câmbio de moedas estrangeiras tradicionais, transferências internacionais e cartões de viagem pré-pagos."
INCUMBENTE,Sociedade Distribuidora de TVM,87963450000168,MERCADO PAGO INVESTIMENTOS DISTRIBUIDORA DE TÍTULOS E VALORES MOBILIÁRIOS LTDA.,"",RJ,6001,02,20050924,19811230,,6612602,JURIDICO@NIKOS.COM.BR,21,35141570,MERCADO CREDITO HOLDING FINANCEIRA LTDA. | ANDRE SANTOS DE REZENDE CHAVES | JOAO PAULO SANTIN LIMA | MARCIO APARECIDO DE SOUZA | IGNACIO ESTIVARIZ BARILATI | PATRICIA CAMARGO DE OLIVEIRA LEAL | DAVIDSON CASSEMIRO,0,0,0,0,0,,https://www.nikos.com.br,erro: 'candidates'
INCUMBENTE,Sociedade Distribuidora de TVM,17364795000110,MERCANTIL DO BRASIL DISTRIBUIDORA S.A. - TÍTULOS E VALORES MOBILIÁRIOS,"",MG,4123,02,20051103,19711006,,6612602,MB.CONTROLADORIA@MERCANTIL.COM.BR,31,30576292,ATHAIDE VIEIRA DOS SANTOS | JOAO RUFINO DA SILVA | JOSE DIMAS ALEIXO | VALERIA DE ARAUJO FORESTI RIBEIRO,0,0,0,0,0,,"",erro: 'candidates'
INCUMBENTE,Sociedade Corretora de TVM,02670590000195,MERRILL LYNCH S.A. CORRETORA DE TÍTULOS E VALORES MOBILIÁRIOS,"",SP,7107,02,20031031,19980525,,6612601,DG.TAX_LITIGATION@BOFA.COM,11,21884000,PEDRO LOPES ASPRINO | EDUARDO ALCALAY | DANIEL FAZZOLARI | MARCELO ANCAO CHIOVATTO | EDUARDO BIANCHI ROLIM | AFONSO AUGUSTO DE AZEVEDO SOARES | DANIEL YUDI SASAHARA KONDO | CRISTIANA BRUSCHINI ALVES COSTA | ANA CAROLINA PALMERIO GENNARI,0,0,0,0,0,,https://www.bofabrasil.com.br,erro: 'candidates'
INCUMBENTE,Sociedade Distribuidora de TVM,97447304000133,MOMENTO DISTRIBUIDORA DE TITULOS E VALORES MOBILIARIOS LTDA,"",RJ,6001,02,20051103,19940413,,6612602,"",21,24722828,MYRIAN HELENA BARATA | MYRIAN CLAUDIA BARATA | MYRIAN LUCIA BARATA | JOSE JACOB BARATA | ESTRELLA BARATA,0,0,0,0,0,,https://www.saoclementesa.com.br,erro: 'candidates'
INCUMBENTE,Sociedade Distribuidora de TVM,12063256000127,MONETAR DISTRIBUIDORA DE TÍTULOS E VALORES MOBILIÁRIOS LTDA.,"",SP,7107,02,20100609,20100609,,6612602,FINANCEIRO@MONETAR.COM.BR,11,31656000,TIAGO AUGUSTO DAGUER EL HAOULI | APARECIDO DE SOUSA LIMA | TERRA INVESTIMENTOS DISTRIBUIDORA DE TITULOS E VALORES MOBILIARIOS LTDA | LUIZ ALVARO DE PAIVA FERREIRA | ANDRE CUNHA DE SOUZA | MONETAR DISTRIBUIDORA DE TITULOS E VALORES MOBILIARIOS LTDA. | JOSE RICARDO PINHEIRO,0,0,0,0,0,,https://www.monetar.com.br,erro: 'candidates'
INCUMBENTE,Banco de Câmbio,08609934000137,MONEYCORP BANCO DE CÂMBIO S.A.,"",SP,7107,02,20061229,20061229,,6438701,"",11,30181830,DANIEL JOHN QUINN | LUCIANO ANDRE CARVALHO DA SILVA | EDUARDO MUNIZ JARDIM DA SILVA,0,0,0,0,0,,https://www.bancomoneycorp.com.br,"Não foram encontradas evidências de que a 'MONEYCORP BANCO DE CÂMBIO S.A.' tenha anunciado, lançado ou esteja construindo algo em criptoativos, ativos virtuais, tokenização, stablecoin ou Drex no período de 2024 a 2026."
INCUMBENTE,Sociedade Corretora de Câmbio,34666362000138,MONOPÓLIO CORRETORA DE CÂMBIO LTDA.,"",PA,0427,02,20010520,19890320,,6612603,FINANCEIRO@MONOPOLIOCAMBIO.COM.BR,91,32424099,MEG LUNA SOARES HABER | GUSTAVO HABER FILHO | DYANNE ALINE DA SILVA MONTEIRO | MARIA ELIZANGELA SOUZA NUNES,0,0,0,0,0,,https://www.monopoliocambio.com.br,"Não foi encontrada nenhuma evidência de que a 'MONOPÓLIO CORRETORA DE CÂMBIO LTDA.' tenha anunciado, lançado ou esteja construindo algo em criptoativos, ativos virtuais, tokenização, stablecoin ou Drex no período de 2024 a 2026 nos resultados da busca."
INCUMBENTE,Sociedade Corretora de TVM,04323351000194,MORGAN STANLEY CORRETORA DE TÍTULOS E VALORES MOBILIÁRIOS S.A.,"",SP,7107,02,20031004,20010308,,6612601,GORETI.KAFER@MORGANSTANLEY.COM,11,30486053,HAROLDO DE OLIVEIRA FRANCA LEITE | JOAO VICENTE SOUTELLO CAMAROTA | EDUARDO JOSE MENDEZ | ARIANE JAREMCIUC SILVA | ALESSANDRA CRISTIANE VISIOLI KONDA | MARIA GORETI KAFER | ELAINE APARECIDA DE SOUZA OLIVEIRA | FABIO SARABIA,0,0,0,0,0,,https://www.morganstanley.com,"Não há evidências diretas nos resultados da pesquisa de que a 'MORGAN STANLEY CORRETORA DE TÍTULOS E VALORES MOBILIÁRIOS S.A.' tenha anunciado, lançado ou esteja construindo algo em criptoativos, ativos virtuais, tokenização, stablecoin ou Drex no período de 2024 a 2026. As menções a atividades em criptoativos por parte do Morgan Stanley referem-se à atuação global da empresa, e não especificamente à sua corretora brasileira."
INCUMBENTE,Sociedade Distribuidora de TVM,41592532000142,MÉRITO DISTRIBUIDORA DE TÍTULOS E VALORES MOBILIÁRIOS LTDA.,MERITO DTVM LTDA,SP,7107,02,20210415,20210415,,6612602,CONTATO@MERITODTVM.COM.BR,11,33862555,ALEXANDRE GUILGER DESPONTIN | LUIGI MARIANI FILHO | MARCOS ALEXANDRE IKUNO | AMANDA BARREIROS GOMES | ALINE MATIAS MAIA,0,0,0,0,0,,https://www.meritodtvm.com.br,"As fontes pesquisadas sobre a Mérito Distribuidora de Títulos e Valores Mobiliários LTDA. no período de 2024 a 2026 indicam seu foco em fundos imobiliários e desenvolvimento imobiliário, sem mencionar envolvimento direto em criptoativos, ativos virtuais, tokenização, stablecoin ou Drex."
INCUMBENTE,Sociedade Corretora de Câmbio,18145784000101,NCC - SOCIEDADE CORRETORA DE CÂMBIO LTDA,NCC - CORRETORA DE CAMBIO.,SP,7107,02,20130520,20130520,,6612603,CORRETORA@NUMATUR.COM.BR,11,30826533,JOSE AUGUSTO GOMES DE FREITAS | PAULO AUGUSTO DE FREITAS | ANA PAULA DE FREITAS | ANDRE AUGUSTO DE FREITAS,0,0,0,0,0,,https://www.numatur.com.br,erro: 'candidates'
INCUMBENTE,Sociedade Corretora de TVM,61723847000199,NEON CORRETORA DE TÍTULOS E VALORES MOBILIÁRIOS S.A.,"",SP,7107,02,20051103,19681015,,6612601,DOCUMENTOS-JURIDICO@NEON.COM.BR,11,48619331,PEDRO HENRIQUE DE SOUZA CONRADE | JAMIL SAUD MARQUES | CRISTIANO FERNANDES DA SILVA | FERNANDO HENRIQUE MONTANARI DA MOTA | FERNANDO CARVALHO BOTELHO DE MIRANDA | MARCOS MULLER LOPES FONSECA | RAMON MARTINEZ RIBEIRO NETO | FABIOLA BIANCA GONCALVES LIMA MARCHIORI,0,0,0,0,0,,https://neon.com.br,erro: 'candidates'
INCUMBENTE,Banco Múltiplo,74828799000145,NOVO BANCO CONTINENTAL S.A. - BANCO MÚLTIPLO,NBC BANK,RS,8801,02,20051103,19960911,,6422100,atendimento@nbcbank.com.br,51,32204000,RICARDO MANUEL DOLDAN PEREZ | FERNANDO DANIEL HERRERO PORTILLO | JORGE OMAR ESTIGARRIBIA SANABRIA | RODRIGO FERNANDO ORTIZ FRUTOS,0,0,0,0,0,,https://www.nbcbank.com.br,"Não foram encontradas informações sobre a instituição financeira brasileira 'NOVO BANCO CONTINENTAL S.A. - BANCO MÚLTIPLO' ter anunciado, lançado ou estar construindo algo em criptoativos, ativos virtuais, tokenização, stablecoin ou Drex no período de 2024 a 2026."
INCUMBENTE,Sociedade Corretora de Câmbio,68742204000131,NUMBER ONE SOCIEDADE CORRETORA DE CAMBIO LTDA.,"",RJ,6001,02,20040828,19930121,,6612603,ADMINISTRACAO@NUMBER.COM.BR,21,39831000,CONFIDENCE SOCIEDADE CORRETORA DE CAMBIO S.A. | CHRISTIAN REINHARD THEODOR STIER | DANILA SOTERRONI RODRIGUES | MOISES BIZERRA DA SILVA | JULIO CORREA SIMOES,0,0,0,0,0,,https://www.number.com.br,erro: 'candidates'
INCUMBENTE,Sociedade Distribuidora de TVM,11495073000118,OM DISTRIBUIDORA DE TÍTULOS E VALORES MOBILIÁRIOS LTDA,OUROMINAS,SP,7107,02,20100114,20100114,,6612602,COMPLIANCE@OUROMINAS.COM,11,99999999,DACOM HOLDING FINANCEIRA LTDA | ELSON DO NASCIMENTO NUNES GUSMAO | PRISCILA SOUTO BRANDAO MUNIZ,0,0,0,0,0,,https://ourominas.com,"Não há evidências diretas nos resultados da busca de que a 'OM DISTRIBUIDORA DE TÍTULOS E VALORES MOBILIÁRIOS LTDA' tenha anunciado, lançado ou esteja construindo algo em criptoativos, ativos virtuais, tokenização, stablecoin ou Drex no período de 2024 a 2026."
INCUMBENTE,Banco Múltiplo,60850229000147,OMNI BANCO S.A.,"",SP,7107,02,20051103,19551028,,6422100,NUCLEOFISCAL@OMNI.COM.BR,11,33653500,NELSON ROSA JUNIOR | MARCIO LUPPI PIMENTEL | MURILO SILVERIO | HEVERTON PESSOA DE MELO PEIXOTO,0,0,0,0,0,,https://rebrand.ly,erro: 'candidates'
INCUMBENTE,Sociedade Distribuidora de TVM,01582158000180,OPPORTUNITY DISTRIBUIDORA DE TÍTULOS E VALORES MOBILIÁRIOS LTDA,OPPORTUNITY DTVM,RJ,6001,02,20031004,19961204,,6612602,GR.SOCIETARIO@OPPORTUNITY.COM.BR,21,38043700,DORIO FERMAN | SIMA ESTHER FERMAN | SERGIO BOUQVAR | DIOGO ALEXANDRE DE MELO BAHIA | NORBERTO AGUIAR TOMAZ | ITAMAR BENIGNO FILHO | ANA CAROLINA DE OLIVEIRA SILVA MOREIRA LIMA,0,0,0,0,0,,https://www.opportunity.com.br,erro: 'candidates'
INCUMBENTE,Sociedade Distribuidora de TVM,13673855000125,OSLO CAPITAL DISTRIBUIDORA DE TÍTULOS E VALORES MOBILIÁRIOS S.A,OSLO DTVM,SP,7107,02,20110511,20110511,,6612602,"",11,28232850,HENRY SINGER GONZALEZ | BENEDITO CESAR LUCIANO | VICTOR HIDEKI OBARA | NELSON SANTUCCI TORRES | ARIANA RENATA PAVAN | PEDRO CARLOS BATISTA JOURDAN FILHO | BRUNO GOMES DIAS DA MOTTA | CLAUDINE ICHITANI KOIDE | LAIS CODECO CARVAS | PAULO OTAVIANO DA SILVA | RODOLFO NOVELLO GUIMARAES CENDON,0,0,0,0,0,,https://www.oslodtvm.com,erro: 'candidates'
INCUMBENTE,Banco Múltiplo,78632767000120,OURIBANK S.A. BANCO MÚLTIPLO,OURIBANK,SP,7107,02,20051103,19691003,,6422100,ADMINISTRATIVO@OURIBANK.COM,11,40814444,DANIEL OVADIA ASSINE | BRUNO LUIGI DE MEDEIROS FORESTI | CHARLES ASSINE | EDILSON CIRO ROMOR GUIDINI | RICARDO RUSSO NASCIMENTO | NESSIM ABADI | DANIEL PONCZYK | REGINALDO MARINHO FONTES | MAURICIO EDUARDO FERREIRA | ALEXANDRE DE PRAXEDES,0,0,0,0,0,,https://www.ourinvest.com.br,erro: 'candidates'
INCUMBENTE,Sociedade Distribuidora de TVM,62667674000100,OXY DISTRIBUIDORA DE TÍTULOS E VALORES MOBILIÁRIOS S.A.,OXY DTVM S.A,RS,8801,02,20250911,20250911,,6612602,LUFE.CARCHEDI@OXYCREDITOIMOBILIARIO.COM.BR,51,35156200,LUIS FELIPE CARLOMAGNO CARCHEDI | LISIANE MIGUEL WILKE | LISANDRA UGHINI,0,0,0,0,0,,"",erro: 'candidates'
INCUMBENTE,Sociedade Corretora de Câmbio,04062902000103,OZ CORRETORA DE CÂMBIO S.A.,OZ CAMBIO,SP,7107,02,20000926,20000926,,6612603,FINANCEIRO@OZCAMBIO.COM.BR,00,99999999,ANTONIO JOSE FERREIRA FILHO | ADEZIO OLIVEIRA SOARES | JOSE CLOVIS RODRIGUES DA ROCHA | RAISSA CAROLINA PEREIRA FLORENCE | RODRIGO XAVIER SOARES,0,0,0,0,0,,"",erro: 'candidates'
INCUMBENTE,Sociedade Distribuidora de TVM,73279093000109,PACIFIC INVEST DISTRIBUIDORA DE TITULOS E VALORES MOBILIARIOS LTDA,"",SC,8177,02,20050924,19930823,,6612602,CONTABILIDADE@PACIFICINVEST.COM.BR,49,35214030,PEDRO JOSE TELESCA | NELI LUCIA TRAVERSSINI | FDM PARTICIPACOES LTDA | TAILA HACK ARRUDA | HELUANA PIGATTO DA SILVA | EDNILSON DE SOUZA | CAROLINE HACK,0,0,0,0,0,,https://www.pacificinvest.com.br,erro: 'candidates'
INCUMBENTE,Banco Múltiplo,14388334000199,PARANÁ BANCO S.A.,PARANA BANCO,PR,7535,02,20051103,19770505,,6422100,SAC@PARANABANCO.COM.BR,41,33519899,ANDRE LUIZ MALUCELLI | CRISTIANO MALUCELLI | MARCELO MARTINS DE PAULA | VARLEY ANTONIO SARZI | HILARIO MARIO WALESKO | LEONARDO DEEKE BOGUSZEWSKI | OSVALDO BRUNO BRASIL CAVALCANTE | GUILHERME MALUCELLI GOBBO | RAFAEL COELHO SANTA RITA PEREIRA | ALCIMARA LUIZA DA SILVA,0,0,0,0,0,,https://www.paranabanco.com.br,"Não foram encontradas evidências diretas de que o PARANÁ BANCO S.A. tenha anunciado, lançado ou esteja construindo algo em criptoativos, ativos virtuais, tokenização, stablecoin ou Drex no período de 2024 a 2026 nos resultados da pesquisa."
INCUMBENTE,Sociedade Distribuidora de TVM,17343682000138,PENTAGONO S/A DISTRIBUIDORA DE TITULOS E VALORES MOBILIARIOS,"",RJ,6001,02,20051103,19710428,,6612602,DIRETORIA@PENTAGONOTRUSTEE.COM.BR,21,33854565,MARCO AURELIO MACHADO FERREIRA | MARCELLE MOTTA SANTORO | KAROLINA GONCALVES VANGELOTTI,0,0,0,0,0,,https://www.pentagonotrustee.com.br,erro: 'candidates'
INCUMBENTE,Banco Múltiplo,09516419000175,PICPAY BANK - BANCO MÚLTIPLO S.A,"",SP,7107,02,20080407,20080407,,6422100,NFE@PICPAYBANK.COM,11,40048000,ANDERSON ANDRADE CHAMON DO CARMO | EDUARDO CHEDID SIMOES | FERNANDO ABE OHARA | MARCELO MOREIRA BELLA | THIAGO DANIEL | SIMAO LUIZ KOVALSKI | ALEXANDRE MOSHE PARCZEW | ANDRE AUGUSTO CAZOTTO | DANILO ALEIXO CAFFARO | JOAO ANDRE CALVINO MARQUES PEREIRA,0,0,0,0,0,,https://www.picpay.com,erro: 'candidates'
INCUMBENTE,Sociedade Distribuidora de TVM,07138049000154,PICPAY INVEST DISTRIBUIDORA DE TÍTULOS E VALORES MOBILIÁRIOS LTDA,LIGA INVEST,SP,7107,02,20041214,20041214,,6612602,AJUDA@LIGAINVEST.COM.BR,11,94257549,PICPAY INSTITUICAO DE PAGAMENTO S/A | EDUARDO CHEDID SIMOES | THIAGO DANIEL | DANILO ALEIXO CAFFARO | JOAO ANDRE CALVINO MARQUES PEREIRA | ANDRE AUGUSTO CAZOTTO,0,0,0,0,0,,https://picpay.com,erro: 'candidates'
INCUMBENTE,Sociedade Distribuidora de TVM,92236777000178,PINE INVESTIMENTOS DISTRIBUIDORA DE TÍTULOS E VALORES MOBILIÁRIOS LTDA,"",SP,7107,02,20051103,19700220,,6612602,RECEPCAO@PINE.COM,11,33725200,BANCO PINE S/A | NOBERTO NOGUEIRA PINHEIRO JUNIOR | RODRIGO ESTEVES PINHEIRO | GUILHERME VIEIRA NEVES | ALCIDES ROBERTO ROCHA | GERSOM PEREIRA PRECARO | RICARDO DE CASTRO BAMPA,0,0,0,0,0,,https://www.pine.com,"Não foram encontradas evidências de que a 'PINE INVESTIMENTOS DISTRIBUIDORA DE TÍTULOS E VALORES MOBILIÁRIOS LTDA' tenha anunciado, lançado ou esteja construindo algo em criptoativos, ativos virtuais, tokenização, stablecoin ou Drex no período de 2024 a 2026."
INCUMBENTE,Sociedade Corretora de TVM,00806535000154,PLANNER CORRETORA DE VALORES S.A.,PLANNER,SP,7107,02,20050827,19950911,,6612601,CORPORATIVO@PLANNER.COM.BR,11,21722600,CLAUDIO HENRIQUE SANGAR | CLAUDIA SIOLA CIANFARANI | DOUGLAS CONSTANTINO FERREIRA | CARLOS ENRIQUE PEREIRA MELO | EMERSON GONCALVES DA SILVEIRA | GABRIEL NUNES DOS REIS | DOUGLAS DE SOUZA AGUIAR JUNIOR | JAILSON FERREIRA DA SILVA,0,0,0,0,0,,https://www.planner.com.br,"Não foram encontradas evidências diretas de que a 'PLANNER CORRETORA DE VALORES S.A.' tenha anunciado, lançado ou esteja construindo algo em criptoativos, ativos virtuais, tokenização, stablecoin ou Drex no período de 2024 a 2026 nos resultados da pesquisa."
INCUMBENTE,Sociedade Distribuidora de TVM,40303299000178,PORTOPAR DISTRIBUIDORA DE TITULOS E VALORES MOBILIARIOS LTDA.,"",SP,7107,02,20051103,19910910,,6612602,ARQ.EXP@PORTOSEGURO.COM.BR,11,23932127,CELSO DAMADI | ADRIANA PEREIRA CARVALHO SIMOES | TIAGO VIOLIN | RAFAEL VENEZIANI KOZMA | MARCOS ROBERTO LOUCAO | NELSON SANTOS AGUIAR | PORTO NEGOCIOS FINANCEIROS S A | PAULO SERGIO DE CARVALHO | CARLOS EDUARDO NAEGELI GONDIM | EMILIO BENTANCOURT | PATRICIA QUIRICO COIMBRA,0,0,0,0,0,,https://www.portoseguro.com.br,erro: 'candidates'
INCUMBENTE,Sociedade Corretora de Câmbio,41560568000144,PRONANCE SOCIEDADE CORRETORA DE CÂMBIO LTDA,PRONANCE CORRETORA,PR,7535,02,20210413,20210413,,6612603,ODEMAR_ALMEIDA65@HOTMAIL.COM.BR,41,32238822,ODEMAR MANOEL DE ALMEIDA | BRUNO ROBERTO DA FONSECA PINTO,0,0,0,0,0,,https://www.pronance.com.br,erro: 'candidates'
INCUMBENTE,Sociedade Distribuidora de TVM,62264924000152,QORE DISTRIBUIDORA DE TITULOS E VALORES MOBILIÁRIOS LTDA,QORE,SP,7107,02,20051103,19721212,,6612602,FINANCEIRO@QORE.COM.BR,11,48583270,QORE HOLDING FINANCEIRA LTDA | WALDOMIRO PLACIDO NETO | EDSON TAKESHI KONDA NAKAMURA | NILEIDE GUERRA DE ABREU | ROBERTO ALEXANDRE ZIEHFUSS HESKETH,0,0,0,0,0,,https://qoredtvm.com.br,erro: 'candidates'
INCUMBENTE,Sociedade Distribuidora de TVM,89960090000176,RB INVESTIMENTOS DISTRIBUIDORA DE TITULOS E VALORES MOBILIARIOS LIMITADA,"",SP,7107,02,20031018,19831031,,6612602,CONTROLADORIA@RBINVESTIMENTOS.COM,11,31272732,RB INVESTIMENTOS DISTRIBUIDORA DE TITULOS E VALORES MOBILIARIOS LIMITADA. | MAURO APARECIDO GIMENEZ PONTES | MAURO TUKIYAMA | RALPH BICUDO ANNICCHINO | RB INVESTIMENTOS 2 LTDA | ADALBERO DE ARAUJO CAVALCANTI | GLAUBER DA CUNHA SANTOS,0,0,0,0,0,,https://www.rbinvestimentos.com,erro: 'candidates'
INCUMBENTE,Sociedade Distribuidora de TVM,17354911000110,RENDIMENTO DISTRIBUIDORA DE TÍTULOS E VALORES MOBILIÁRIOS S/A,RENDIMENTO CAMBIO,SP,7107,02,20031108,19681107,,6612602,COMPLIANCETRIBUTARIO@RENDIMENTO.COM.BR,11,36297094,MARCELO MAKTAS MELSOHN | ABRAMO DOUEK | ALEXANDRE GOMES FIALHO | FABIO ZICARI | ROGER ADES | FLAMINIO OLIVEIRA FERREIRA | ARETUZA APARECIDA SENA | RICARDO SIMONE PEREIRA | EDUARDO GONI DE OLIVEIRA | EDWIN DOUEK,0,0,0,0,0,,https://www.rendimentocambio.com.br,erro: 'candidates'
INCUMBENTE,Sociedade Distribuidora de TVM,62318407000119,S3 CACEIS BRASIL DISTRIBUIDORA DE TÍTULOS E VALORES MOBILIÁRIOS S.A.,"",SP,7107,02,20051103,19690121,,6612602,SC_ADMSOCIETARIO@S3CACEIS.COM.BR,11,40043535,FABIO RIBEIRO | JOAQUIN ALFARO GARCIA | RAFAEL GUAZZELLI FERME | ANDREIA RUMI NAKAMURA | ANGELA AMODEO | FABIO HIDEO MASSUDA | ALESSANDRO TOMAO | JULIANA DA CUNHA ASSAD,0,0,0,0,0,,https://www.s3dtvm.com.br,"Não há evidências nos resultados da busca de que a 'S3 CACEIS BRASIL DISTRIBUIDORA DE TÍTULOS E VALORES MOBILIÁRIOS S.A.' tenha anunciado, lançado ou esteja construindo algo em criptoativos, ativos virtuais, tokenização, stablecoin ou Drex no período de 2024 a 2026. As atividades da empresa listadas focam em serviços financeiros tradicionais como administração e custódia de fundos de investimento e distribuição de produtos de investimento."
INCUMBENTE,Sociedade Corretora de Câmbio,28762249000153,SADOC SOCIEDADE CORRETORA DE CÂMBIO LTDA.,"",CE,1389,02,20170929,20170929,,6612603,"",85,32197993,ANTONIO MAURICIO SALES CYSNE | FRANCISCO HAVELANGE DA SILVEIRA | BRENO DE OLIVEIRA CYSNE,0,0,0,0,0,,https://www.sadoc.com.br,erro: 'candidates'
INCUMBENTE,Sociedade Corretora de TVM,29162769000198,SANTANDER CORRETORA DE TÍTULOS E VALORES MOBILIÁRIOS S.A.,"",MG,4123,02,20171128,20171128,,6612601,CONTABILIDADE@TOROINVESTIMENTOS.COM.BR,31,36658700,SERGIO AMANCIO DA SILVA | ANAMARIA RIBEIRO LIMA PEREIRA PIMENTA | GUSTAVO ALVES LENDIMUTH,0,0,0,0,0,,https://site.santandercorretora.com.br,erro: 'candidates'
INCUMBENTE,Sociedade Corretora de TVM,51014223000149,SANTANDER INSTITUCIONAL CORRETORA DE CÂMBIO E VALORES MOBILIÁRIOS S.A.,"",SP,7107,02,20051103,19820826,,6612601,CADASTRO.SANTANDER@TARGETLAW.COM.BR,11,40043535,SERGIO AMANCIO DA SILVA | ANAMARIA RIBEIRO LIMA PEREIRA PIMENTA | LUIZ GUILHERME CRISTOFORO DA SILVEIRA | CARLOS AUGUSTO CAMARGO FARIA,0,0,0,0,0,,https://www.santander.com.br,erro: 'candidates'
INCUMBENTE,Sociedade Corretora de Câmbio,40333582000142,SAYGO CORRETORA DE CÂMBIO S.A.,SAYGO CAMBIO,SP,6619,02,20210111,20210111,,6612603,CLAUDIA.VELEIRO@ZEBRACAMBIO.COM.BR,11,45273341,THIAGO GOMES HILARIO DE OLIVEIRA | SANDRO JULIANO VICENTE | FABIANE SAMPAIO VICENTE DE OLIVEIRA,0,0,0,0,0,,https://zebracambio.com.br,erro: 'candidates'
INCUMBENTE,Banco Múltiplo,11417016000110,SCANIA BANCO S.A.,"",SP,7075,02,20091216,20091216,,6431000,LEANDRO.GARCIA3@SCANIA.COM,11,32140820,CARLOS JOSE RIVERA DE OLIVEIRA | JONAS PETER AHLSTEDT | SIMONE MONTAGNA | MARCOS MIGUEL GROSSO | OSCAR LARS RUNE JAERN,0,0,0,0,0,,https://www.scaniabanco.com.br,erro: 'candidates'
INCUMBENTE,Banco Múltiplo,29030467000166,SCOTIABANK BRASIL S.A. BANCO MÚLTIPLO,"",SP,7107,02,20051103,19841004,,6422100,ADMINISTRATION.SP@BR.SCOTIABANK.COM,11,22028100,PAULO ANDRE CAMPOS BERNARDO | JAQUES MESTER | FABIO TIROLLI DE SOUSA | RODRIGO ALMEIDA SERGIO | LUCIANA CHI | FABIO CHIAMOLERA JACOB | DANIELA MARINO,0,0,0,0,0,,https://www.br.scotiabank.com,erro: 'candidates'
INCUMBENTE,Sociedade Corretora de TVM,39696805000157,SCOTIABANK BRASIL S.A. CORRETORA DE TÍTULOS E VALORES MOBILIÁRIOS,"",SP,7107,02,20201106,20201106,,6612601,ADMINISTRATION.SP@BR.SCOTIABANK.COM,11,22028222,PAULO ANDRE CAMPOS BERNARDO | JAQUES MESTER | RODRIGO ALMEIDA SERGIO | FABIO TIROLLI DE SOUSA | LUCIANA CHI,0,0,0,0,0,,https://www.br.scotiabank.com,"Não foi encontrada evidência direta de que a instituição financeira brasileira 'SCOTIABANK BRASIL S.A. CORRETORA DE TÍTULOS E VALORES MOBILIÁRIOS' anunciou, lançou ou está construindo algo em criptoativos, ativos virtuais, tokenização, stablecoin ou Drex no período de 2024 a 2026, com base nas informações disponíveis. As demonstrações financeiras e relatórios de atividades da corretora para 2024 e 2025 não mencionam tais iniciativas."
INCUMBENTE,Sociedade Distribuidora de TVM,07397614000106,SICOOB DISTRIBUIDORA DE TÍTULOS E VALORES MOBILIÁRIOS LTDA.,SICOOB DTVM,DF,9701,02,20050504,20050504,,6612602,DTVM@SICOOB.COM.BR,61,32175315,BANCO COOPERATIVO SICOOB S.A. | RICARDO DE ALMEIDA HORTA BARBOSA | MARIO SERGIO MOURAO DORNAS | FILIPE CARLOS DE OLIVEIRA FERREIRA PINTO,0,0,0,0,0,,https://www.sicoob.com.br,erro: 'candidates'
INCUMBENTE,Sociedade Corretora de Câmbio,16854999000176,SINGRATUR CORRETORA DE CÂMBIO LTDA,SINGRATUR CORRETORA DE CAMBIO,PR,7691,02,20120906,20120906,,6612603,MARCELA_SINGRATUR@HOTMAIL.COM,44,30266465,ALBERTO HADDAD | JOSE APARECIDO LONGHI | MARCELA SOUZA DE PAULA | PEDRO HENRIQUE THOMAZ HADDAD,0,0,0,0,0,,https://www.singratur.com.br,"Não há evidências nos resultados de busca de que a 'SINGRATUR CORRETORA DE CÂMBIO LTDA' tenha anunciado, lançado ou esteja construindo algo em criptoativos, ativos virtuais, tokenização, stablecoin ou Drex no período de 2024 a 2026. A empresa foca em serviços tradicionais de câmbio."
INCUMBENTE,Sociedade Corretora de TVM,17315359000150,SITA SOCIEDADE CORRETORA DE CAMBIO E VALORES MOBILIARIOS S.A,"",MG,4123,02,20021116,19690418,,6612601,"","","",ANA LUCIA FERREIRA RODARTE | BERNARDO GUIMARAES RODARTE,0,0,0,0,0,,https://www.sita.com.br,"Não foram encontradas informações sobre a 'SITA SOCIEDADE CORRETORA DE CAMBIO E VALORES MOBILIARIOS S.A' ter anunciado, lançado ou estar construindo algo em criptoativos, ativos virtuais, tokenização, stablecoin ou Drex no período de 2024 a 2026."
INCUMBENTE,Banco Múltiplo,15173776000180,SOCIAL BANK BANCO MÚLTIPLO S/A,"",BA,3849,02,20020209,19670519,,6422100,JURIDICO@SOCIALBANK.COM.BR,11,32189441,RODRIGO BORGES CUNHA | MARCOS GABRIEL VALVERDE VACA,0,0,0,0,0,,https://www.socialbank.com.br,erro: 'candidates'
INCUMBENTE,Sociedade Corretora de Câmbio,08520517000113,SOL CORRETORA DE CÂMBIO S.A.,SOL CORRETORA,RN,1761,02,20061214,20061214,,6612603,SOLCORRETORA@SOLCORRETORA.COM.BR,84,20301000,LEANDRO RIBEIRO DOS REIS | JAQUELINE DE LACERDA BARBOSA | SAULO PASSOS GUIMARAES | JOAO RICARDO SANTORO SORTINO,0,0,0,0,0,,https://www.solcorretora.com.br,"Não foram encontradas evidências de que a 'SOL CORRETORA DE CÂMBIO S.A.' tenha anunciado, lançado ou esteja construindo algo em criptoativos, ativos virtuais, tokenização, stablecoin ou Drex no período de 2024 a 2026."
INCUMBENTE,Banco Comercial,09274232000102,STATE STREET BRASIL S.A. - BANCO COMERCIAL,"",SP,7107,02,20071213,20071213,,6421200,TAXBR@STATESTREET.COM,11,30275900,JOAO LUIZ MACEDO | TOMAS DOMINGUES TRUZZI | FERNANDA BRUNSTEIN | LUCIANA BARBOSA SILVEIRA,0,0,0,0,0,,https://www.statestreet.com,erro: 'candidates'
INCUMBENTE,Sociedade Distribuidora de TVM,32206435000183,SUL AMERICA INVESTIMENTOS DISTRIBUIDORA DE TITULOS E VALORES MOBILIARIOS S.A.,"",SP,7107,02,20051103,19880930,,6612602,SOCIETARIO.SUGOC@SULAMERICA.COM.BR,21,25064323,MARCELO PIMENTEL MELLO | GUSTAVO KOHN GIOMETTI | MARIA AUGUSTA CRESPO MOSCA TOMITA | EVERTON MARCELO MARRAO ALVES | LEONARDO FRAGA PACHECO | JONAS BERBERT PULCHERI | OTAVIO DE GARCIA LAZCANO | RAFAEL PINTO FROES | GLAUCIA MARIA RIBEIRO DE CARVALHO,0,0,0,0,0,,https://www.sulamerica.com.br,erro: 'candidates'
INCUMBENTE,Sociedade Distribuidora de TVM,03384738000198,TIVIO CAPITAL DISTRIBUIDORA DE TÍTULOS E VALORES MOBILIÁRIOS S.A.,"",SP,7107,02,19990910,19990910,,6612602,LEGAL@TIVIO.COM,11,41602049,GUILHERME MULLER LEAL | JOSE AUGUSTO RAMALHO MIRANDA | ADILSON DONISETE FERRAREZI | ALICE SOBRAL SINGER | ENRICO VINCENZO TROTTA | BRUNO FUNCHAL | SAMI KARLIK | RODRIGO BORGHETTI DE AZEVEDO FREIRE | JULIANA LAHAM,0,0,0,0,0,,https://www.tivio.com,erro: 'candidates'
INCUMBENTE,Sociedade Distribuidora de TVM,02276653000123,TRINUS CAPITAL DISTRIBUIDORA DE TÍTULOS E VALORES MOBILIÁRIOS S.A.,TRINUS INVESTIMENTOS,GO,9373,02,20050827,19970707,,6612602,ADMINISTRATIVO@TRINUSCO.COM.BR,62,37731500,DIEGO SIQUEIRA SANTOS | GIBRAN FERREIRA ESTEPHAN | LIVIA LEMOS MAIA | MARCO ANTONIO MEDEIROS BENACCHIO REGINO,0,0,0,0,0,,https://trinus.co,"Não foram encontradas evidências de que a TRINUS CAPITAL DISTRIBUIDORA DE TÍTULOS E VALORES MOBILIÁRIOS S.A. tenha anunciado, lançado ou esteja construindo algo em criptoativos, ativos virtuais, tokenização, stablecoin ou Drex no período de 2024 a 2026, de acordo com as informações disponíveis."
INCUMBENTE,Sociedade Corretora de Câmbio,30183111000141,TROCKA CORRETORA DE CAMBIO LTDA.,TROCKA,RJ,6001,02,20180412,20180412,,6612603,TROCKA@TROCKA.COM,21,20182460,JOAO PEDRO MARCONDES FERRAZ FABBRIANI | NORBERTO DE ANDRADE NETO,0,0,0,0,0,,https://www.trocka.com,erro: 'candidates'
INCUMBENTE,Sociedade Corretora de TVM,61747085000160,TULLETT PREBON BRASIL CORRETORA DE VALORES E CÂMBIO LTDA,"TULLETT PREBON BRASIL, TULLETT PREBON E TULLETT BRASIL",SP,7107,02,20050924,19680620,,6612601,TULLETTPREBON@TULLETTPREBON.COM.BR,11,21114800,EDUARDO NOGUEIRA DA ROCHA AZEVEDO | TULLETT PREBON HOLDINGS DO BRASIL LTDA. | ICAP DO BRASIL CORRETORA DE TITULOS E VALORES MOBILIARIOS LTDA | PEDRO JOSE DE MESQUITA FERNANDES,0,0,0,0,0,,https://tullettprebon.com.br,"Não foram encontradas evidências de que a 'TULLETT PREBON BRASIL CORRETORA DE VALORES E CÂMBIO LTDA' tenha anunciado, lançado ou esteja construindo algo em criptoativos, ativos virtuais, tokenização, stablecoin ou Drex no período de 2024 a 2026, com base nas informações disponíveis."
INCUMBENTE,Sociedade Corretora de Câmbio,15482499000198,TURCÂMBIO - SOCIEDADE CORRETORA DE CÂMBIO LTDA.,"",SC,8143,02,20120507,20120507,,6612603,LEONARDO@TURCAMBIO.COM.BR,48,32546200,LEONARDO DOMINGOS RIBEIRO | MINGOTE PARTICIPACOES LTDA,0,0,0,0,0,,https://www.turcambio.com.br,"Não foram encontradas evidências de que a TURCÂMBIO - SOCIEDADE CORRETORA DE CÂMBIO LTDA. tenha anunciado, lançado ou esteja construindo algo em criptoativos, ativos virtuais, tokenização, stablecoin ou Drex no período de 2024 a 2026. As informações disponíveis sobre a empresa indicam que ela atua com câmbio de moedas em espécie, transferências internacionais e cartões pré-pagos de viagem."
INCUMBENTE,Sociedade Corretora de TVM,61809182000130,UBS (BRASIL) CORRETORA DE VALORES S.A.,"",SP,7107,02,20051103,19720706,,6612601,"",11,37018600,MARCELLO ANTONIO CHILOV LUZETTI | RAFAEL PAIXAO GROSS | ALINE DE MENEZES SANTOS | CAMILA ANGELI RIBEIRO | DANIEL VEIGA DE CARVALHO | DOUGLAS HENRIQUE PASSOS PADUA | ROGERIO JEMES GITIRANA | BERNARDO DE AZEVEDO SILVA ROTHE | BETINA MACHADO FERRAZ | MARCELO AUGUSTO RAMOS,0,0,0,0,0,,https://www.ubs.com,erro: 'candidates'
INCUMBENTE,Banco de Investimento,18520834000193,UBS BB BANCO DE INVESTIMENTO S.A.,"",SP,7107,02,20130719,20130719,,6432800,OL-UBSBB-GOVERNANCE@UBS.COM,11,99999999,MELISSA WACHLEVSKI MACHADO | DANIEL CARDOSO MENDONCA DE BARROS | FERNANDA BARBOSA CAMPOS | RICARDO SICILIANO | MARCELO OKURA | MARIA CRISTINA PRIOLI | FERNANDO DE CARVALHO | CARLA SARKIS TEIXEIRA,0,0,0,0,0,,https://www.ubs.com,"As buscas não indicaram que a instituição financeira brasileira 'UBS BB BANCO DE INVESTIMENTO S.A.' anunciou, lançou ou está construindo algo em criptoativos, ativos virtuais, tokenização, stablecoin ou Drex no período de 2024 a 2026. As atividades relacionadas a esses tópicos foram atribuídas à UBS global ou UBS AG, não especificamente à sua operação brasileira UBS BB."
INCUMBENTE,Sociedade Corretora de TVM,02819125000173,"UBS BB CORRETORA DE CÂMBIO, TÍTULOS E VALORES MOBILIÁRIOS S.A.","",SP,7107,02,20031004,19980922,,6612601,OL-UBSBB-GOVERNANCE@UBS.COM,11,99999999,DANIEL CARDOSO MENDONCA DE BARROS | MELISSA WACHLEVSKI MACHADO | FERNANDA BARBOSA CAMPOS | RICARDO SICILIANO | ANDERSON LEITE BRITO | MARCELO OKURA | MARIA CRISTINA PRIOLI | FERNANDO DE CARVALHO | CARLA SARKIS TEIXEIRA,0,0,0,0,0,,https://www.ubs.com,erro: 'candidates'
INCUMBENTE,Sociedade Distribuidora de TVM,53899051000163,UNICRED DISTRIBUIDORA DE TITULOS E VALORES MOBILIARIOS LTDA,ZIIN INVESTIMENTOS,RS,8801,02,20240214,20240214,,6612602,FINANCEIRODTVM@UNICRED.COM.BR,51,33751350,COOPERATIVA CENTRAL DE CREDITO UNICRED DO BRASIL - UNICRED DO BRASIL | LUIS AUGUSTO SOARES SCHULER | RAFAEL CARELLI VISENTINI | ALEXANDRE EUZEBIO SILVA,0,0,0,0,0,,https://www.unicred.com.br,erro: 'candidates'
INCUMBENTE,Sociedade Distribuidora de TVM,20155248000139,UNIDA DISTRIBUIDORA DE TÍTULOS E VALORES MOBILIÁRIOS LTDA.,"",SP,6213,02,20031018,19701014,,6612602,COMPLIANCE-CI@UNIDADTVM.COM.BR,11,35065500,JULIO CESAR BERANGER | UNIDA HOLDING FINANCEIRA LTDA | RODRIGO FERREIRA DA SILVA | MARIA MADALENA DE MELO BIGATTAO,0,0,0,0,0,,https://www.unidadtvm.com.br,erro: 'candidates'
INCUMBENTE,Sociedade Distribuidora de TVM,14388516000160,VIC-DISTRIBUIDORA DE TITULOS E VALORES MOBILIARIOS S/A,"",RJ,6001,02,20020518,19770509,,6612602,CONTABILIDADE@VICDTVM.COM.BR,21,39709250,VICTOR ADLER | PEDRO PAULO DE SOUZA | ROSANE MORAES COUTINHO DE OLIVEIRA,0,0,0,0,0,,"",erro: 'candidates'
INCUMBENTE,Sociedade Corretora de Câmbio,17772370000140,VIPS CORRETORA DE CÂMBIO S.A.,VIP'S CORRETORA,SP,7107,02,20130319,20130319,,6612603,MARCOS@VIPSCAMBIO.COM.BR,11,44401324,LEO CARLOS PETRY | FABIO GUIMARAES VIEIRA | MARCO ANTONIO TRESSOLDI | JULIA DA COSTA AGUIAR PETRY | ANDERSON CONCEICAO DA PAZ,0,0,0,0,0,,https://www.vipscorretoradecambio.com.br,"Não foram encontradas evidências de que a VIPS CORRETORA DE CÂMBIO S.A. tenha anunciado, lançado ou esteja construindo algo em criptoativos, ativos virtuais, tokenização, stablecoin ou Drex no período de 2024 a 2026, com base nas informações disponíveis nos resultados de busca. A empresa é descrita como uma corretora de câmbio tradicional e está listada como tal na ABRACAM."
INCUMBENTE,Sociedade Distribuidora de TVM,38429045000159,VIS DISTRIBUIDORA DE TÍTULOS E VALORES MOBILIÁRIOS LTDA,VIS DTVM,MT,9067,02,20250428,20200911,,6612602,JURIDICO@VISDTVM.COM.BR,65,98029013,SANDRO SEBASTIAO GOMES DA SILVA | PEDRO EUGENIO GOMES PROCOPIO DA SILVA | ANDREI GIOMETTI SANDOVAL SANTOS | BRUNO VALERIO DE MORAES MACHIOSKI | MARIA EUGENIA GOMES PROCOPIO DA SILVA,0,0,0,0,0,,https://visdtvm.com.br,"Não foram encontradas evidências de que a 'VIS DISTRIBUIDORA DE TÍTULOS E VALORES MOBILIÁRIOS LTDA' tenha anunciado, lançado ou esteja construindo algo em criptoativos, ativos virtuais, tokenização, stablecoin ou Drex no período de 2024 a 2026."
INCUMBENTE,Sociedade Distribuidora de TVM,34711571000156,VITREO DISTRIBUIDORA DE TÍTULOS E VALORES MOBILIÁRIOS S.A.,"",SP,7107,02,20190830,20190830,,6612602,JURIDICO@VITREO.COM.BR,11,39002850,MARIANA BOTELHO RAMALHO CARDOSO | MARCELO FLORA SALES | BRUNO DUQUE HORTA NOGUEIRA | RENATO HERMANN COHN | IURI RAPOPORT,0,0,0,0,0,,"",erro: 'candidates'
INCUMBENTE,Sociedade Distribuidora de TVM,64835226000195,VR DISTRIBUIDORA DE TÍTULOS E VALORES MOBILIÁRIOS LTDA.,"",SP,7107,02,20051103,19901121,,6612602,FISCAL@VR.COM.BR,11,41344100,MARCIO DEL NERO | ABRAM ABE SZAJMAN | BANCO VR S/A,0,0,0,0,0,,https://www.bancovr.com.br,"Não foram encontradas informações específicas sobre a 'VR DISTRIBUIDORA DE TÍTULOS E VALORES MOBILIÁRIOS LTDA.' ter anunciado, lançado ou estar construindo algo em criptoativos, ativos virtuais, tokenização, stablecoin ou Drex entre 2024 e 2026."
INCUMBENTE,Sociedade Distribuidora de TVM,47631123000194,WEALTH HIGH GOVERNANCE DISTRIBUIDORA DE TÍTULOS E VALORES MOBILIÁRIOS S.A.,"",SP,7107,02,20220818,20220818,,6612602,FINANCEIRO@WHG.COM.BR,11,35092235,MARCO AURELIO ABRAHAO | ANDRE DAVINO MITIDIERI | RAPHAEL DE ALMEIDA FONSECA,0,0,0,0,0,,https://whg.com.br,erro: 'candidates'
INCUMBENTE,Sociedade Corretora de Câmbio,13728156000135,WESTERN UNION CORRETORA DE CÂMBIO S.A.,"",SP,7107,02,20110519,20110519,,6612603,ATENDIMENTOAOCLIENTE@WESTERNUNION.COM,11,21399600,MARIA CELIA SEIXAS | PRISCILA DA SILVA NOGUEIRA,0,0,0,0,0,,https://www.wu.com,erro: 'candidates'
INCUMBENTE,Sociedade Corretora de Câmbio,36588217000101,WISE BRASIL CORRETORA DE CÂMBIO LTDA,WISE CORRETORA,SP,7107,02,20200306,20200306,,6612603,RELACOES.GOVERNAMENTAIS@WISE.COM,11,55535101,WISE PAYMENTS LIMITED | WISE US INC. | ENIO RIBEIRO DE ALMEIDA JUNIOR | RICARDO SILVA AMARAL | MAICON LUIZ DE CASTRO | GISELE PEREIRA ARANTES,0,0,0,0,0,,https://wise.com,erro: 'candidates'
INCUMBENTE,Sociedade Distribuidora de TVM,45854066000187,WNT CAPITAL DISTRIBUIDORA DE TÍTULOS E VALORES MOBILIÁRIOS S.A.,WNT DTVM,SP,7107,02,20260616,20220331,,6612602,ROSANA@WNTCAPITAL.COM,11,30101001,VALERIO MAREGA JUNIOR | MARIO SERGIO DUARTE GARCIA NETO | ROSANA MUNIZ DOS SANTOS LIMA | ANA FLAVIA PONTES GOULART | RUI PEREIRA | THOMAZ XAVIER DE BRITO MARTINS | MATHEUS LOBAO MAGNAVITA,0,0,0,0,0,,https://www.wntdtvm.com,erro: 'candidates'
INCUMBENTE,Sociedade Distribuidora de TVM,44475245000140,XP DISTRIBUIDORA DE TÍTULOS E VALORES MOBILIÁRIOS LTDA.,"",RJ,6001,02,20211203,20211203,,6612602,CONTROLADORIA@XPI.COM.BR,11,30272237,XP FINANCE HOLDING S.A | FABRICIO CUNHA DE ALMEIDA | THIAGO SIMOES MAFFRA | LIZANDRO SOMMER ARNONI | GUSTAVO PIMENTEL BARBOZA PIRES | LEONARDO ANTONIO CARDOSO | VICTOR ANDREU MANSUR FARINASSI,0,0,0,0,0,,https://xp.inc,erro: 'candidates'
INCUMBENTE,Sociedade Corretora de TVM,02332886000104,"XP INVESTIMENTOS CORRETORA DE CÂMBIO,TÍTULOS E VALORES MOBILIÁRIOS S/A",XP INVESTIMENTOS CCTVM S/A,RJ,6001,02,20051103,19971218,,6612601,CONTROLADORIA@XPI.COM.BR,11,30272237,FABRICIO CUNHA DE ALMEIDA | THIAGO SIMOES MAFFRA | GUILHERME SANTANNA MONTEIRO DA SILVA | LIZANDRO SOMMER ARNONI | LUCAS RABECHINI AMARAL | LEONARDO ANTONIO CARDOSO | GUSTAVO PIMENTEL BARBOZA PIRES,0,0,0,0,0,,https://xp.inc,erro: 'candidates'
INCUMBENTE,Sociedade Corretora de TVM,74014747000135,ÁGORA CORRETORA DE TITULOS E VALORES MOBILIARIOS S.A.,AGORA CTVM S/A,SP,7107,02,20031004,19931229,,6612601,SAC@AGORAINVESTIMENTOS.COM.BR,11,36845122,RUI MIGUEL ALEIXO MARQUES | DANIELA FASOLARI HADJI THOMAS,0,0,0,0,0,,https://www.agorainvest.com.br,erro: 'candidates'
INCUMBENTE,Sociedade Corretora de Câmbio,72556996000127,ÍCARO CORRETORA DE CÂMBIO LTDA,"",PR,7535,02,20051103,19930809,,6612603,ICAROCORRETORA@ICAROCORRETORA.COM.BR,41,32226674,AGNALDO CANDIDO DOS SANTOS,0,0,0,0,0,,https://www.icarocorretora.com.br,erro: 'candidates'
